date, pm25, pm10, o3, no2, so2
2025/11/1, 22, 7, 27, 3, 
2025/11/2, 21, 8, 26, 2, 
2025/11/3, 19, 8, 28, 3, 
2025/11/4, 20, 12, 24, 6, 
2025/11/5, 31, 17, 13, 9, 1
2025/11/6, 44, 14, 21, 7, 
2025/11/7, 42, 15, 19, 6, 
2025/11/8, 45, 16, 17, 4, 
2025/11/9, 49, 6, 22, 5, 
2025/11/10, 17, 7, 23, 4, 
2025/11/11, 18, 9, 25, 6, 1
2025/11/12, 23, 13, 24, 10, 1
2025/11/13, 35, 14, 22, 7, 
2025/11/14, 44, , , , 
2025/10/1, 29, 15, 30, 4, 
2025/10/2, 48, 9, 28, 1, 
2025/10/3, 28, 9, 27, 1, 
2025/10/4, 19, 11, 25, 2, 
2025/10/5, 25, 10, 23, 3, 
2025/10/6, 21, 8, 24, 3, 
2025/10/7, 17, 10, 21, 8, 
2025/10/8, 25, 11, 24, 6, 
2025/10/9, 28, 11, 20, 12, 
2025/10/10, 28, 16, 24, 10, 
2025/10/11, 52, 23, 11, 13, 
2025/10/12, 70, 18, 12, 10, 
2025/10/13, 60, 13, 14, 7, 
2025/10/14, 42, 13, 20, 6, 
2025/10/15, 46, 11, 22, 12, 
2025/10/16, 31, 21, 13, 17, 
2025/10/17, 53, 15, 19, 7, 
2025/10/18, 46, 11, 21, 5, 
2025/10/19, 36, 10, 21, 8, 
2025/10/20, 29, 8, 21, 3, 1
2025/10/21, 25, 7, 23, 8, 1
2025/10/22, 17, 7, 21, 5, 
2025/10/23, 18, 6, 22, 4, 
2025/10/24, 15, 6, 26, 4, 
2025/10/25, 13, 5, 26, 2, 
2025/10/26, 10, 10, 26, 3, 
2025/10/27, 23, 10, 27, 3, 
2025/10/28, 22, 9, 25, 5, 
2025/10/29, 21, 8, 22, 6, 
2025/10/30, 17, 9, 27, 3, 
2025/10/31, 22, 9, 28, 3, 1
2025/7/1, 36, 12, 19, 4, 
2025/7/2, 31, 8, 23, 10, 
2025/7/3, 13, 11, 26, 8, 
2025/7/4, 20, 7, 21, 4, 
2025/7/5, 16, 5, 16, 5, 
2025/7/6, 16, 8, 27, 6, 
2025/7/7, 20, 13, 30, 7, 
2025/7/8, 26, 9, 29, 7, 
2025/7/9, 18, 10, 43, 7, 
2025/7/10, 24, 14, 66, 9, 
2025/7/11, 30, 11, 34, 4, 
2025/7/12, 20, 11, 36, 4, 
2025/7/13, 31, 13, 28, 3, 
2025/7/14, 32, 9, 20, 2, 
2025/7/15, 18, 7, 29, 4, 
2025/7/16, 17, , 18, 7, 
2025/7/21, 12, 6, 21, 5, 
2025/7/22, 14, 15, 21, 4, 
2025/7/23, 45, 24, 23, 5, 
2025/7/24, 68, 25, 30, 5, 
2025/7/25, 69, 9, 23, 3, 
2025/7/26, 26, 10, 22, 4, 
2025/7/27, 28, 10, 24, 4, 
2025/7/28, 27, 7, 19, 5, 
2025/7/29, 18, 7, 24, 4, 
2025/7/30, 17, 9, 27, 3, 
2025/7/31, 23, 10, 19, 4, 
2025/8/1, 23, 9, 27, 3, 
2025/8/2, 19, 7, 23, 2, 
2025/8/3, 21, 7, 25, 2, 
2025/8/4, 16, 12, 22, 2, 
2025/8/5, 20, 13, 28, 3, 
2025/8/6, 28, 13, 26, 2, 
2025/8/7, 34, 11, 25, 2, 
2025/8/8, 34, 12, 27, 3, 
2025/8/9, 30, 16, 16, 3, 
2025/8/10, 50, 20, , , 
2025/8/11, 56, 27, , , 
2025/8/12, 62, 27, , , 
2025/8/13, 57, 17, 18, 1, 
2025/8/14, 43, 11, 34, 2, 
2025/8/15, 29, 14, 26, 2, 
2025/8/16, 39, 11, 28, 2, 
2025/8/17, 27, 12, 23, 1, 
2025/8/18, 25, 9, 25, 2, 
2025/8/19, 17, 12, 25, 2, 
2025/8/20, 24, 12, 27, 4, 
2025/8/21, 27, 14, 29, 6, 
2025/8/22, 26, 12, 26, 6, 
2025/8/23, 33, 14, 34, 4, 
2025/8/24, 36, 11, 38, 2, 
2025/8/25, 22, 10, 36, 1, 
2025/8/26, 23, 11, 25, 1, 
2025/8/27, 24, 8, 20, 2, 
2025/8/28, 17, 8, 20, 2, 
2025/8/29, 19, 6, 18, 1, 
2025/8/30, 14, 13, 25, , 
2025/8/31, 27, 9, 24, 1, 
2025/9/1, 20, 8, 17, 2, 
2025/9/2, 18, 4, 26, 3, 
2025/9/3, 11, 7, 22, 6, 
2025/9/4, 16, 6, 23, 5, 
2025/9/5, 15, 8, 29, 8, 
2025/9/6, 18, 9, 25, 7, 
2025/9/7, 20, 7, 25, 3, 
2025/9/8, 14, 7, 24, 4, 
2025/9/9, 15, 6, 22, 3, 
2025/9/10, 14, 8, 21, 1, 
2025/9/11, 16, 6, 22, 1, 
2025/9/12, 13, 6, 24, 1, 
2025/9/13, 14, 9, 23, 3, 
2025/9/14, 19, 9, 28, 1, 
2025/9/15, 22, , 23, 2, 
2025/9/18, 9, 7, 25, 4, 
2025/9/19, 19, 9, 24, 4, 
2025/9/20, 25, 5, 24, 3, 
2025/9/21, 14, 8, 23, 9, 
2025/9/22, 19, 11, 23, 11, 
2025/9/23, 29, 11, 23, 8, 
2025/9/24, 33, 10, 25, 10, 
2025/9/25, 22, 15, 16, 14, 
2025/9/26, 27, 16, 17, 9, 
2025/9/27, 47, 12, 23, 7, 
2025/9/28, 41, 14, 20, 13, 
2025/9/29, 42, 12, 23, 8, 
2025/9/30, 38, 10, 22, 5, 
2025/4/1, 31, 16, 29, 4, 
2025/4/2, 38, 27, 33, 5, 
2025/4/3, 65, 31, 37, 5, 1
2025/4/4, 70, 19, 34, 2, 
2025/4/5, 45, 11, 34, 2, 
2025/4/6, 26, 13, 33, 5, 
2025/4/7, 26, 18, 35, 8, 
2025/4/8, 41, 20, 31, 6, 
2025/4/9, 50, 28, 30, 8, 
2025/4/10, 64, 28, 38, 8, 1
2025/4/11, 60, 24, 41, 8, 1
2025/4/12, 53, 10, 34, 2, 
2025/4/13, 28, 7, 32, 3, 
2025/4/14, 15, 12, 28, 6, 1
2025/4/15, 34, 8, 33, 2, 
2025/4/16, 21, 7, 33, 4, 
2025/4/17, 16, 11, 28, 7, 
2025/4/18, 29, 16, 31, 5, 
2025/4/19, 51, 10, 33, 3, 
2025/4/20, 27, 10, 27, 5, 
2025/4/21, 32, 7, 34, 3, 
2025/4/22, 17, 9, 26, 7, 
2025/4/23, 25, 17, 24, 15, 
2025/4/24, 54, 15, 32, 11, 
2025/4/25, 49, 20, 33, 7, 
2025/4/26, 62, 12, 30, 2, 
2025/4/27, 39, 7, 37, 8, 
2025/4/28, 17, 18, 41, 10, 
2025/4/29, 52, 19, 47, 17, 
2025/4/30, 50, 23, 63, 8, 
2025/5/1, 59, 16, 34, 5, 
2025/5/2, 43, 13, 30, 4, 
2025/5/3, 32, 8, 30, 2, 
2025/5/4, 17, 9, 26, 2, 
2025/5/5, 19, 11, 33, 6, 
2025/5/6, 26, 17, 30, 7, 
2025/5/7, 44, 10, 32, 4, 
2025/5/8, 24, 13, 40, 6, 
2025/5/9, 30, 15, 42, 10, 
2025/5/10, 32, 14, 47, 6, 
2025/5/11, 34, 17, 40, 8, 
2025/5/12, 41, 18, 42, 4, 
2025/5/13, 36, 19, 38, 2, 
2025/5/14, 47, 20, 31, 2, 
2025/5/15, 43, 18, 42, 2, 
2025/5/16, 38, 16, 35, 4, 
2025/5/17, 44, 17, 36, 2, 
2025/5/18, 47, 17, 36, 3, 
2025/5/19, 43, 15, 39, 4, 
2025/5/20, 42, 18, 36, 5, 
2025/5/21, 46, 20, 28, 6, 
2025/5/22, 42, 17, 35, 4, 
2025/5/23, 36, 10, 22, 1, 
2025/5/24, 23, 7, 30, , 
2025/5/25, 16, 8, 30, , 
2025/5/26, 18, 6, 23, 1, 
2025/5/27, 14, 6, 29, 2, 
2025/5/28, 15, 7, 21, , 
2025/5/29, 15, 5, 26, 1, 
2025/5/30, 10, 5, 28, 1, 
2025/5/31, 15, 10, 28, , 
2025/6/1, 25, 10, 30, 2, 
2025/6/2, 19, 9, 28, 2, 
2025/6/3, 20, 11, 32, 3, 
2025/6/4, 24, 7, 27, 3, 
2025/6/5, 13, 5, 25, 3, 
2025/6/6, 12, 6, 26, 3, 
2025/6/7, 16, 10, 27, 2, 
2025/6/8, 33, 26, 36, 3, 
2025/6/9, 76, 13, 38, 5, 
2025/6/10, 44, 13, 36, 10, 
2025/6/11, 43, 18, 37, 9, 
2025/6/12, 47, 13, 34, 3, 
2025/6/13, 35, 11, 32, 4, 
2025/6/14, 33, 7, 28, 1, 
2025/6/15, 20, 8, 30, 2, 
2025/6/16, 21, 13, 34, 2, 
2025/6/17, 40, 12, 35, 3, 
2025/6/18, 33, 16, 50, 9, 
2025/6/19, 39, 17, 48, 8, 
2025/6/20, 46, 17, 42, 8, 
2025/6/21, 44, 12, 36, 1, 
2025/6/22, 34, 8, 27, 1, 
2025/6/23, 15, 10, 23, 1, 
2025/6/24, 20, 5, 21, 2, 
2025/6/25, 8, 11, 29, 2, 
2025/6/26, 16, 9, 27, 2, 
2025/6/27, 20, 6, 23, 1, 
2025/6/28, 14, 6, 19, 3, 
2025/6/29, 17, 8, 29, 4, 
2025/6/30, 21, 14, 26, 5, 
2025/1/1, 17, 9, 17, 19, 
2025/1/2, 28, 8, 15, 19, 
2025/1/3, 25, 11, 14, 19, 
2025/1/4, 35, 8, 23, 11, 
2025/1/5, 29, 4, 19, 11, 
2025/1/6, 13, 5, 14, 18, 
2025/1/7, 13, 13, 13, 24, 1
2025/1/8, 38, 18, 11, 20, 
2025/1/9, 54, 17, 5, , 
2025/1/10, 50, 35, , , 
2025/1/11, 97, 23, , , 
2025/1/12, 71, 11, , , 
2025/1/13, 40, 10, , 13, 
2025/1/14, 34, 9, 14, 11, 
2025/1/15, 31, 12, 2, 12, 
2025/1/16, 45, 15, 18, 6, 
2025/1/17, 55, 21, , 6, 
2025/1/18, 68, 20, 9, 8, 
2025/1/19, 68, 18, 5, 12, 
2025/1/20, 62, 17, 12, 9, 
2025/1/21, 59, 26, 3, 20, 1
2025/1/22, 76, 10, 14, 5, 
2025/1/23, 34, 20, 31, 2, 
2025/1/24, 44, 11, , 6, 
2025/1/25, 24, 9, 15, 5, 
2025/1/26, 22, 9, 28, 3, 
2025/1/27, 20, 7, 25, 6, 
2025/1/28, 20, 7, 12, 11, 
2025/1/29, 18, 10, 13, 12, 
2025/1/30, 23, 10, 21, 11, 
2025/1/31, 31, 13, 13, 10, 
2025/2/1, 49, 8, 24, 5, 
2025/2/2, 28, 11, 14, 7, 
2025/2/3, 41, 7, 26, 4, 
2025/2/4, 17, 14, 20, 13, 
2025/2/5, 35, 19, , 19, 
2025/2/6, 55, 12, , 6, 
2025/2/7, 35, 22, , 7, 
2025/2/8, 66, 32, , 7, 
2025/2/9, 88, 25, 19, 6, 
2025/2/10, 75, 24, , 9, 
2025/2/11, 72, 28, , 11, 
2025/2/12, 79, 28, 22, 9, 
2025/2/13, 74, 20, 20, 13, 
2025/2/14, 58, 30, , 13, 
2025/2/15, 86, 24, , 14, 
2025/2/16, 75, 21, 16, 19, 
2025/2/17, 63, 26, 16, 19, 
2025/2/18, 71, 33, 15, 19, 
2025/2/19, 87, 12, 26, 5, 
2025/2/20, 34, 6, 29, 3, 
2025/2/21, 18, 10, 27, 7, 
2025/2/22, 27, 7, 31, 3, 
2025/2/23, 19, 7, 34, 5, 6
2025/2/24, 16, 10, 30, 6, 
2025/2/25, 22, 8, 29, 5, 
2025/2/26, 19, 9, 28, 8, 
2025/2/27, 23, 14, 23, 14, 
2025/2/28, 44, 18, 31, 17, 
2025/3/1, 51, 19, 33, 16, 
2025/3/2, 52, 15, 28, 14, 
2025/3/3, 40, 16, 32, 10, 
2025/3/4, 47, 20, 31, 6, 
2025/3/5, 59, 29, 30, 6, 
2025/3/6, 76, 19, 25, 6, 1
2025/3/7, 51, 25, 29, 16, 1
2025/3/8, 63, 40, 34, 10, 1
2025/3/9, 99, 55, 36, 9, 1
2025/3/10, 143, 17, 31, 4, 
2025/3/11, 38, 7, 24, 7, 
2025/3/12, 18, 8, 23, 8, 
2025/3/13, 22, 12, 27, 12, 
2025/3/14, 34, 8, 30, 7, 
2025/3/15, 25, 8, 30, 10, 
2025/3/16, 25, 12, 28, 5, 
2025/3/17, 29, 18, 27, 8, 
2025/3/18, 43, 39, 21, 11, 1
2025/3/19, 81, 29, 31, 10, 1
2025/3/20, 67, 33, 23, 12, 1
2025/3/21, 69, 23, 24, 7, 1
2025/3/22, 52, 30, 26, 5, 
2025/3/23, 77, 41, 34, 6, 
2025/3/24, 94, 27, 24, 5, 
2025/3/25, 67, 13, 28, 4, 
2025/3/26, 39, 9, 26, 3, 
2025/3/27, 25, 7, 33, 2, 
2025/3/28, 14, 7, 32, 2, 
2025/3/29, 18, 13, 33, 1, 
2025/3/30, 31, 17, 30, 7, 
2025/3/31, 38, 14, 29, 7, 
2024/10/1, 18, 9, 26, 7, 
2024/10/2, 20, 11, 30, 14, 1
2024/10/3, 24, 11, 30, 9, 1
2024/10/4, 29, 13, 28, 6, 1
2024/10/5, 44, 9, 21, 5, 1
2024/10/6, 28, 10, 27, 4, 1
2024/10/7, 25, 9, 21, 8, 2
2024/10/8, 26, 10, 25, 7, 
2024/10/9, 29, 8, 25, 8, 
2024/10/10, 18, 9, 28, 10, 
2024/10/11, 25, 9, 29, 6, 
2024/10/12, 25, 10, 24, 5, 
2024/10/13, 21, 12, 15, 13, 
2024/10/14, 34, 15, 18, 12, 
2024/10/15, 51, 21, 25, 8, 
2024/10/16, 55, 12, 21, 5, 
2024/10/17, 29, 8, 26, 3, 
2024/10/18, 19, 9, 27, 6, 
2024/10/19, 21, 13, 28, 1, 
2024/10/20, 33, 20, 30, 6, 
2024/10/21, 44, 14, 23, 7, 
2024/10/22, 33, 9, 22, 6, 1
2024/10/23, 27, 10, 18, 8, 
2024/10/24, 27, 18, 7, 14, 
2024/10/25, 54, 13, 21, 10, 
2024/10/26, 39, 9, 28, 3, 
2024/10/27, 23, 5, 26, 4, 
2024/10/28, 14, 7, 15, 8, 
2024/10/29, 21, 11, 17, 8, 
2024/10/30, 35, 13, 17, 7, 
2024/10/31, 44, 14, 19, 7, 
2024/11/1, 50, 15, 10, 15, 
2024/11/2, 51, 13, 13, 12, 
2024/11/3, 47, 23, 10, 13, 
2024/11/4, 66, 23, 14, 8, 
2024/11/5, 70, 22, 13, 11, 
2024/11/6, 66, 18, 8, 17, 
2024/11/7, 55, 27, 10, 15, 1
2024/11/8, 74, 32, 12, 10, 
2024/11/9, 86, 26, 22, 5, 
2024/11/10, 76, 18, 17, 15, 1
2024/11/11, 48, 16, , 14, 
2024/11/12, 40, 23, 14, 12, 
2024/11/13, 62, 12, 18, 12, 1
2024/11/14, 40, 15, 19, 9, 
2024/11/15, 47, 12, 22, 4, 
2024/11/16, 37, 8, 27, 5, 
2024/11/17, 21, 10, 18, 13, 1
2024/11/18, 31, 7, 12, 12, 
2024/11/19, 24, 8, 14, 10, 1
2024/11/20, 25, 11, 20, 15, 1
2024/11/21, 30, 8, 21, 6, 1
2024/11/22, 20, 6, 20, 4, 1
2024/11/23, 18, 8, 26, 1, 1
2024/11/24, 19, 8, 24, 3, 1
2024/11/25, 18, 9, 18, 12, 1
2024/11/26, 24, 14, 18, 17, 6
2024/11/27, 42, 17, , 25, 1
2024/11/28, 56, 12, 9, 10, 
2024/11/29, 39, 12, , 5, 
2024/11/30, 37, 9, , 4, 
2024/12/1, 26, 5, 21, 7, 
2024/12/2, 14, 13, 3, 16, 4
2024/12/3, 44, 12, 8, 10, 1
2024/12/4, 44, 3, 22, 4, 
2024/12/5, 10, 12, 19, 7, 
2024/12/6, 28, 4, , 3, 
2024/12/7, 9, 4, , 4, 
2024/12/8, 11, 8, 16, 5, 
2024/12/9, 18, 11, 19, 5, 
2024/12/10, 22, 9, 23, 6, 
2024/12/11, 19, 9, 9, 13, 
2024/12/12, 30, 9, 10, 15, 
2024/12/13, 34, 8, 16, 6, 
2024/12/14, 27, 2, 18, 1, 
2024/12/15, 5, 4, 25, 3, 
2024/12/16, 10, 7, , 4, 
2024/12/17, 23, 5, , 4, 1
2024/12/18, 17, 6, 25, 6, 
2024/12/19, 17, 8, 16, 6, 
2024/12/20, 19, 7, 27, 2, 
2024/12/21, 19, 10, 26, 6, 
2024/12/22, 24, 16, 28, 15, 
2024/12/23, 36, 7, 9, 18, 
2024/12/24, 22, 5, 17, 12, 
2024/12/25, 18, 4, 12, 12, 
2024/12/26, 17, 5, 6, 13, 
2024/12/27, 20, 5, 12, 14, 
2024/12/28, 22, 4, 22, 10, 
2024/12/29, 15, , , , 
2024/7/1, 21, 16, 26, 2, 
2024/7/2, 36, 8, 25, 2, 
2024/7/3, 21, 9, 27, , 
2024/7/4, 18, 8, 27, 3, 1
2024/7/5, 18, 7, 26, 4, 1
2024/7/6, 18, 5, 25, 1, 1
2024/7/7, 12, 4, 25, 3, 1
2024/7/8, 11, 5, 18, 4, 1
2024/7/9, 14, 4, 24, 1, 1
2024/7/10, 9, 6, 20, 3, 2
2024/7/11, 16, 10, 21, 4, 3
2024/7/12, 24, 9, 24, 4, 5
2024/7/13, 26, 8, 25, 3, 6
2024/7/14, 23, 12, 25, 10, 4
2024/7/15, 36, 9, 31, 4, 
2024/7/16, 23, 10, 33, 3, 
2024/7/17, 27, 9, 37, 4, 
2024/7/18, 26, 12, 43, 3, 
2024/7/19, 32, 9, 19, 1, 
2024/7/20, 20, 5, 25, 1, 
2024/7/21, 11, 5, 23, 2, 
2024/7/22, 12, 6, 31, 5, 
2024/7/23, 14, 8, 18, 5, 
2024/7/24, 21, 5, 21, 3, 
2024/7/25, 13, 8, 22, 4, 
2024/7/26, 21, 8, 27, 6, 
2024/7/27, 24, 10, 30, 9, 
2024/7/28, 30, 11, 40, 9, 
2024/7/29, 26, 15, 44, 6, 
2024/7/30, 33, 17, 57, 6, 
2024/7/31, 37, 20, 44, 6, 
2024/8/1, 46, 17, 30, 4, 
2024/8/2, 46, 10, 26, 1, 
2024/8/3, 27, 9, 26, 1, 
2024/8/4, 23, 10, 24, 1, 
2024/8/5, 26, 7, 28, 1, 
2024/8/6, 19, 9, 21, 1, 
2024/8/7, 20, 9, 20, 2, 
2024/8/8, 23, 6, 4, 1, 
2024/8/9, 13, 11, , 3, 
2024/8/10, 28, 12, , 11, 
2024/8/11, 31, 12, , 3, 
2024/8/12, 28, 9, , 2, 
2024/8/13, 19, 9, , 5, 
2024/8/14, 22, 8, 28, 2, 
2024/8/15, 17, 10, 32, 4, 
2024/8/16, 23, 10, 29, 2, 
2024/8/17, 28, 13, 32, 1, 
2024/8/18, 37, 20, 30, 3, 
2024/8/19, 59, 11, 30, 1, 
2024/8/20, 32, 8, 29, 1, 
2024/8/21, 18, 9, 33, 1, 
2024/8/22, 23, 8, 32, 1, 1
2024/8/23, 18, 7, 29, 2, 1
2024/8/24, 17, 8, 30, 1, 1
2024/8/25, 19, 19, 40, 1, 
2024/8/26, 55, 15, 32, 3, 
2024/8/27, 44, 13, 36, 6, 
2024/8/28, 35, 14, 30, 3, 
2024/8/29, 42, 15, 37, 7, 
2024/8/30, 44, 20, 33, 3, 1
2024/8/31, 56, 22, 31, 3, 
2024/9/1, 57, 23, 26, 7, 1
2024/9/2, 60, 11, 25, 5, 1
2024/9/3, 32, 10, 31, 6, 
2024/9/4, 25, 14, , 4, 
2024/9/5, 37, 50, 50, 3, 1
2024/9/6, 86, 41, 25, 6, 1
2024/9/7, 88, 18, 25, 4, 1
2024/9/8, 55, 12, 23, 3, 1
2024/9/9, 27, 11, 18, 3, 1
2024/9/10, 28, 6, 18, 3, 
2024/9/11, 15, 5, 19, 7, 1
2024/9/12, 12, 9, 22, 10, 
2024/9/13, 23, 9, 23, 4, 
2024/9/14, 23, 7, 21, 3, 
2024/9/15, 19, 10, 19, 9, 
2024/9/16, 33, 10, 25, 9, 
2024/9/17, 24, 15, 29, 5, 
2024/9/18, 30, 29, 34, 4, 
2024/9/19, 63, 36, 35, 4, 
2024/9/20, 79, 34, 33, 5, 
2024/9/21, 75, 23, 32, 3, 
2024/9/22, 65, 19, 31, 6, 1
2024/9/23, 60, 12, 32, 6, 1
2024/9/24, 40, 6, 25, 8, 1
2024/9/25, 18, 6, 27, 8, 1
2024/9/26, 17, 6, 25, 6, 1
2024/9/27, 12, 7, 26, 6, 
2024/9/28, 18, 8, 23, 11, 
2024/9/29, 23, 4, 21, 7, 1
2024/9/30, 11, 7, 21, 7, 
2024/4/1, 29, 6, 34, 6, 
2024/4/2, 17, 4, 31, 2, 
2024/4/3, 12, 5, 36, 2, 
2024/4/4, 16, 9, 36, 1, 
2024/4/5, 24, 10, 45, 2, 
2024/4/6, 24, 10, 39, 1, 
2024/4/7, 25, 11, 34, 5, 
2024/4/8, 28, 8, 35, 3, 
2024/4/9, 18, 7, 28, 3, 
2024/4/10, 16, 3, 32, 2, 
2024/4/11, 8, 8, 32, 2, 
2024/4/12, 21, 9, 31, 2, 
2024/4/13, 27, 8, 37, 1, 
2024/4/14, 18, 7, 38, 1, 
2024/4/15, 14, 10, 37, 4, 
2024/4/16, 23, 8, 37, 4, 
2024/4/17, 18, 8, 35, 6, 
2024/4/18, 19, 6, 33, 4, 
2024/4/19, 15, 10, 34, 9, 
2024/4/20, 25, 11, 37, 4, 
2024/4/21, 27, 11, 25, 10, 
2024/4/22, 32, 12, 32, 6, 
2024/4/23, 39, 11, 36, 6, 
2024/4/24, 29, 11, 33, 7, 15
2024/4/25, 30, 10, 38, 7, 
2024/4/26, 26, 9, 35, 4, 
2024/4/27, 27, 7, 36, 3, 
2024/4/28, 21, 6, 35, 2, 
2024/4/29, 19, 7, 41, 4, 
2024/4/30, 21, 16, 34, 6, 
2024/5/1, 48, 37, 33, 7, 
2024/5/2, 82, 29, 30, 4, 
2024/5/3, 65, 7, 38, 5, 
2024/5/4, 22, 11, 40, 8, 
2024/5/5, 37, 13, 40, 8, 
2024/5/6, 44, 19, 32, 7, 
2024/5/7, 60, 14, 44, 3, 
2024/5/8, 44, 15, 40, 7, 
2024/5/9, 45, 25, 47, 12, 
2024/5/10, 62, 22, 48, 6, 
2024/5/11, 59, 24, 48, 6, 
2024/5/12, 66, 21, 32, 3, 
2024/5/13, 62, 10, 27, 6, 
2024/5/14, 37, 11, 33, 8, 
2024/5/15, 36, 14, 23, 10, 
2024/5/16, 44, 13, 33, 9, 
2024/5/17, 42, 21, 44, 8, 
2024/5/18, 62, 23, 55, 5, 
2024/5/19, 51, 22, 40, 4, 
2024/5/20, 55, 16, 33, 7, 
2024/5/21, 46, 13, 27, 6, 
2024/5/22, 45, 5, 27, 2, 
2024/5/23, 13, 8, 29, 3, 
2024/5/24, 23, 14, 37, 9, 
2024/5/25, 43, 8, 30, 3, 
2024/5/26, 26, 6, 35, 2, 
2024/5/27, 15, 6, 25, 3, 
2024/5/28, 17, 5, 30, 3, 
2024/5/29, 14, 8, 31, 4, 
2024/5/30, 19, 17, 30, 6, 7
2024/5/31, 51, 17, 35, 7, 8
2024/6/1, 54, 16, 38, 7, 
2024/6/2, 52, 9, 24, 6, 
2024/6/3, 25, 9, 25, 5, 
2024/6/4, 24, 14, 28, 3, 1
2024/6/5, 38, 12, 29, 3, 
2024/6/6, 40, 9, 29, 3, 
2024/6/7, 28, 7, 31, 3, 
2024/6/8, 18, 7, 28, 3, 
2024/6/9, 20, 6, 28, 3, 
2024/6/10, 15, 8, 33, 3, 
2024/6/11, 18, 9, 34, 4, 
2024/6/12, 21, 8, 31, 2, 
2024/6/13, 20, 5, 29, 1, 
2024/6/14, 11, 6, 30, 2, 
2024/6/15, 16, 6, 32, 1, 1
2024/6/16, 17, 6, 31, 2, 1
2024/6/17, 18, 9, 28, 4, 
2024/6/18, 25, 9, 32, 4, 
2024/6/19, 24, 8, 39, 4, 
2024/6/20, 19, 10, 38, 2, 
2024/6/21, 25, 8, 30, 1, 
2024/6/22, 20, 6, 30, 1, 
2024/6/23, 17, 10, 28, 5, 
2024/6/24, 26, 12, 55, 5, 
2024/6/25, 31, 19, 56, 4, 
2024/6/26, 51, 11, 39, 1, 
2024/6/27, 32, 7, 24, 1, 2
2024/6/28, 16, 8, 7, 2, 
2024/6/29, 19, 9, 9, 2, 
2024/6/30, 20, 12, 25, 2, 
2024/1/1, 20, 7, 32, 7, 4
2024/1/2, 19, 6, 29, 5, 4
2024/1/3, 17, 13, 26, 13, 3
2024/1/4, 33, 15, 13, 14, 3
2024/1/5, 43, 11, 16, 12, 
2024/1/6, 34, 12, 25, 8, 
2024/1/7, 42, 11, 26, 9, 
2024/1/8, 24, 13, 28, 7, 
2024/1/9, 25, 10, 28, 9, 
2024/1/10, 21, 9, 24, 7, 
2024/1/11, 26, 11, 27, 7, 
2024/1/12, 35, 15, 20, 9, 
2024/1/13, 53, 10, 24, 6, 
2024/1/14, 32, 10, 25, 14, 
2024/1/15, 23, 11, 25, 7, 
2024/1/16, 31, 13, 23, 16, 
2024/1/17, 33, 15, 23, 19, 
2024/1/18, 43, 9, 23, 8, 
2024/1/19, 27, 10, 28, 3, 
2024/1/20, 26, 12, 31, 1, 
2024/1/21, 33, 11, 34, 1, 
2024/1/22, 28, 13, 35, 2, 
2024/1/23, 32, 19, 35, 4, 
2024/1/24, 48, 16, 24, 7, 
2024/1/25, 42, 9, 33, 7, 
2024/1/26, 22, 14, 25, 8, 
2024/1/27, 32, 12, 20, 7, 
2024/1/28, 37, 25, 19, 9, 
2024/1/29, 60, 19, 26, 14, 
2024/1/30, 45, 10, 30, 7, 
2024/1/31, 40, 16, 31, 7, 
2024/2/1, 35, 10, 27, 4, 
2024/2/2, 24, 3, 30, 2, 
2024/2/3, 9, 11, 29, 1, 
2024/2/4, 22, 18, 32, 1, 
2024/2/5, 38, 12, 32, 4, 
2024/2/6, 26, 16, 17, 18, 
2024/2/7, 38, 16, 13, 15, 
2024/2/8, 43, 6, 27, 9, 
2024/2/9, 20, 8, 21, 11, 
2024/2/10, 27, 15, 21, 9, 
2024/2/11, 53, 7, 30, 4, 
2024/2/12, 20, 5, 29, 8, 
2024/2/13, 14, 4, 28, 4, 
2024/2/14, 13, 4, 22, 4, 
2024/2/15, 14, 1, 28, 4, 
2024/2/16, 5, , 27, 4, 
2024/2/20, 18, 5, 34, 3, 
2024/2/21, 16, 8, 33, 7, 
2024/2/22, 23, 5, 29, 7, 
2024/2/23, 14, 8, 29, 9, 
2024/2/24, 25, 11, 31, 10, 
2024/2/25, 43, 7, 30, 6, 
2024/2/26, 23, 11, 19, 14, 
2024/2/27, 40, 11, 31, 8, 
2024/2/28, 37, 10, 29, 6, 
2024/2/29, 24, 8, 33, 9, 
2024/3/1, 19, 6, 27, 9, 
2024/3/2, 23, 7, 29, 9, 
2024/3/3, 26, 10, 29, 14, 
2024/3/4, 34, 15, 27, 15, 
2024/3/5, 35, 26, 17, 25, 
2024/3/6, 73, 30, 27, 12, 
2024/3/7, 80, 32, 24, 9, 
2024/3/8, 82, 34, 28, 7, 
2024/3/9, 86, 25, 21, 9, 
2024/3/10, 74, 24, 24, 11, 
2024/3/11, 73, 15, 25, 5, 
2024/3/12, 50, 4, 29, 3, 
2024/3/13, 12, 8, 33, 3, 
2024/3/14, 24, 6, 34, 3, 
2024/3/15, 16, 8, 28, 6, 
2024/3/16, 23, 7, 34, 3, 
2024/3/17, 24, 8, 32, 4, 
2024/3/18, 19, 6, 35, 5, 
2024/3/19, 16, 8, 25, 7, 
2024/3/20, 26, 25, 30, 6, 
2024/3/21, 78, 11, 34, 4, 
2024/3/22, 29, 8, 34, 2, 
2024/3/23, 20, 8, 33, 6, 
2024/3/24, 24, 10, 25, 13, 
2024/3/25, 27, 17, 33, 12, 
2024/3/26, 47, 9, 38, 5, 
2024/3/27, 25, 5, 36, 4, 
2024/3/28, 13, 4, 36, 2, 
2024/3/29, 10, 8, 36, 6, 
2024/3/30, 20, 10, 31, 7, 
2024/3/31, 35, 8, 36, 3, 
2023/10/1, 18, 10, 21, 8, 1
2023/10/2, 28, 8, 26, 3, 
2023/10/3, 22, 8, 27, 2, 
2023/10/4, 18, 8, 26, 3, 
2023/10/5, 20, 8, 24, 2, 1
2023/10/6, 21, 15, 29, 2, 
2023/10/7, 32, 13, 31, 7, 1
2023/10/8, 33, 16, 31, 10, 1
2023/10/9, 38, 19, 31, 5, 1
2023/10/10, 44, 17, 27, 3, 1
2023/10/11, 37, 12, 18, 8, 1
2023/10/12, 31, 9, 24, 5, 2
2023/10/13, 23, 7, 24, 4, 1
2023/10/14, 16, 9, 24, 9, 1
2023/10/15, 27, 16, 16, 16, 2
2023/10/16, 50, 25, 22, 10, 1
2023/10/17, 41, 18, 16, 9, 2
2023/10/18, 42, 9, 21, 9, 3
2023/10/19, 26, 5, 16, 8, 3
2023/10/20, 17, 4, 13, 6, 3
2023/10/21, 13, 6, 17, 6, 2
2023/10/22, 17, 12, 10, 15, 2
2023/10/23, 30, 14, 18, 16, 3
2023/10/24, 42, 17, 14, 14, 3
2023/10/25, 55, 16, 18, 13, 3
2023/10/26, 53, 9, 16, 9, 3
2023/10/27, 29, 11, 22, 10, 3
2023/10/28, 28, 10, 24, 4, 3
2023/10/29, 25, 9, 24, 12, 2
2023/10/30, 23, 12, 17, 15, 2
2023/10/31, 39, 9, 29, 7, 3
2023/11/1, 22, 6, 24, 8, 4
2023/11/2, 14, 5, 24, 4, 3
2023/11/3, 13, 12, 18, 13, 4
2023/11/4, 35, 13, 22, 6, 3
2023/11/5, 46, 10, 25, 5, 2
2023/11/6, 31, 8, 23, 4, 2
2023/11/7, 19, 12, 25, 5, 2
2023/11/8, 29, 11, 25, 3, 2
2023/11/9, 26, 9, 23, 10, 2
2023/11/10, 26, 14, 21, 13, 2
2023/11/11, 40, 15, 13, 16, 2
2023/11/12, 53, 12, 31, 3, 2
2023/11/13, 36, 11, 28, 4, 2
2023/11/14, 30, 9, 28, 4, 1
2023/11/15, 20, 19, 20, 16, 2
2023/11/16, 49, 13, 22, 7, 1
2023/11/17, 38, 9, 32, 2, 1
2023/11/18, 27, 10, 33, 1, 2
2023/11/19, 29, 10, 27, 5, 2
2023/11/20, 26, 8, 14, 9, 1
2023/11/21, 22, 9, 23, 7, 
2023/11/22, 28, 6, 31, 2, 1
2023/11/23, 13, 13, 31, 8, 1
2023/11/24, 30, 14, 17, 16, 2
2023/11/25, 38, 19, 14, 13, 1
2023/11/26, 61, 10, 14, 10, 2
2023/11/27, 40, 10, 14, 13, 2
2023/11/28, 31, 16, 14, 18, 3
2023/11/29, 48, 17, 11, 14, 3
2023/11/30, 55, 17, 6, 17, 3
2023/12/1, 53, 16, 5, 16, 2
2023/12/2, 56, 12, 9, 14, 2
2023/12/3, 47, 9, 15, 13, 3
2023/12/4, 33, 9, 14, 12, 2
2023/12/5, 30, 15, 7, 19, 3
2023/12/6, 50, 11, 18, 8, 2
2023/12/7, 36, 14, 26, 5, 3
2023/12/8, 39, 12, 35, 2, 3
2023/12/9, 30, 12, 34, 3, 2
2023/12/10, 32, 9, 33, 11, 2
2023/12/11, 25, 10, 17, 13, 3
2023/12/12, 32, 10, 14, 9, 2
2023/12/13, 34, 13, 15, 12, 2
2023/12/14, 34, 13, 20, 7, 1
2023/12/15, 36, 7, 23, 3, 1
2023/12/16, 20, 7, 29, 1, 1
2023/12/17, 21, 8, 28, 3, 1
2023/12/18, 21, 7, 26, 7, 2
2023/12/19, 17, 6, 28, 2, 2
2023/12/20, 15, 7, 31, 2, 2
2023/12/21, 16, 6, 32, 2, 2
2023/12/22, 14, 3, 32, 1, 2
2023/12/23, 9, 2, 32, , 3
2023/12/24, 7, 4, 30, , 3
2023/12/25, 10, 9, 32, 8, 2
2023/12/26, 24, 8, 31, 2, 2
2023/12/27, 23, 11, 34, 1, 3
2023/12/28, 31, 12, 30, 2, 3
2023/12/29, 29, 7, 32, 4, 3
2023/12/30, 17, 5, 33, 1, 4
2023/12/31, 12, 8, 29, 4, 3
2023/7/1, 30, 13, 30, 2, 1
2023/7/2, 37, 9, 25, 2, 1
2023/7/3, 21, 8, 23, 3, 1
2023/7/4, 20, 7, 27, 2, 1
2023/7/5, 19, 8, 33, 2, 1
2023/7/6, 17, 10, 36, 4, 1
2023/7/7, 22, 13, 39, 5, 1
2023/7/8, 31, 10, 30, 2, 1
2023/7/9, 22, 9, 24, 3, 1
2023/7/10, 20, 7, 24, 2, 2
2023/7/11, 18, 7, 31, 1, 1
2023/7/12, 15, 7, 32, 3, 1
2023/7/13, 18, 6, 21, 5, 2
2023/7/14, 18, 8, 26, 1, 2
2023/7/15, 16, 7, 25, 1, 2
2023/7/16, 15, , 24, 2, 1
2023/7/18, 17, 6, 27, 3, 1
2023/7/19, 16, 8, 27, 5, 1
2023/7/20, 23, 10, 21, 5, 1
2023/7/21, 32, 6, 18, 1, 2
2023/7/22, 16, 5, 26, 1, 2
2023/7/23, 15, 6, 25, 4, 1
2023/7/24, 15, 7, 23, 6, 1
2023/7/25, 20, 6, 27, 3, 1
2023/7/26, 17, 5, 17, 2, 2
2023/7/27, 13, 4, 22, 2, 2
2023/7/28, 10, 7, 26, 1, 2
2023/7/29, 16, 7, 24, 1, 2
2023/7/30, 18, 4, 26, 2, 8
2023/7/31, 13, 6, 23, 2, 2
2023/8/1, 14, 5, 27, 2, 3
2023/8/2, 22, 7, 23, 4, 2
2023/8/3, 18, 10, 27, 4, 1
2023/8/4, 27, 9, 23, 5, 1
2023/8/5, 26, 6, 27, 3, 1
2023/8/6, 16, 5, 26, 3, 1
2023/8/7, 13, 4, 22, 4, 1
2023/8/8, 11, 5, 25, 4, 
2023/8/9, 13, 8, 31, 3, 
2023/8/10, 20, 10, 33, 1, 
2023/8/11, 24, 11, 25, , 1
2023/8/12, 28, 7, 29, , 1
2023/8/13, 17, 5, 27, 1, 1
2023/8/14, 14, 5, 25, 2, 1
2023/8/15, 13, , 35, 7, 1
2023/8/21, 15, 6, 27, 1, 2
2023/8/22, 14, 6, 27, 4, 1
2023/8/23, 16, 8, 25, 5, 2
2023/8/24, 19, 6, 25, 2, 2
2023/8/25, 14, 4, 27, 2, 3
2023/8/26, 11, 4, 24, 1, 2
2023/8/27, 10, 5, 26, 3, 2
2023/8/28, 14, 7, 20, 4, 2
2023/8/29, 20, 8, 24, 3, 2
2023/8/30, 21, 7, 22, 7, 2
2023/8/31, 20, 10, 19, 8, 2
2023/9/1, 34, 14, 28, 9, 
2023/9/2, 44, 10, 34, 9, 
2023/9/3, 35, 19, 44, 12, 1
2023/9/4, 52, 22, 52, 9, 2
2023/9/5, 58, 27, 46, 13, 2
2023/9/6, 65, 28, 70, 17, 2
2023/9/7, 62, 43, 54, 20, 2
2023/9/8, 84, 49, 47, 15, 2
2023/9/9, 85, 40, 31, 13, 1
2023/9/10, 83, 19, 31, 2, 2
2023/9/11, 51, 6, 19, 5, 3
2023/9/12, 17, 10, 25, 7, 3
2023/9/13, 24, 10, 18, 5, 
2023/9/14, 28, 11, 33, 11, 1
2023/9/15, 34, 22, 27, 7, 1
2023/9/16, 63, 17, 36, 4, 2
2023/9/17, 53, 14, 25, 2, 2
2023/9/18, 45, 7, 24, 1, 2
2023/9/19, 17, 7, 26, 4, 2
2023/9/20, 20, 9, 25, 6, 3
2023/9/21, 18, 5, 22, 5, 
2023/9/22, 12, 7, 30, 3, 
2023/9/23, 17, 7, 27, 1, 
2023/9/24, 19, 12, 27, 5, 1
2023/9/25, 29, 12, 28, 5, 
2023/9/26, 32, 11, 26, 6, 
2023/9/27, 27, 14, 30, 5, 1
2023/9/28, 32, 10, 26, 5, 
2023/9/29, 24, 10, 25, 4, 
2023/9/30, 25, 6, 23, 2, 
2023/4/1, 22, 10, 34, 4, 2
2023/4/2, 27, 11, 29, 12, 2
2023/4/3, 28, 15, 32, 11, 2
2023/4/4, 42, 16, 27, 6, 2
2023/4/5, 52, 9, 36, 5, 
2023/4/6, 29, 10, 36, 9, 
2023/4/7, 24, 14, 36, 14, 
2023/4/8, 45, 18, 36, 6, 
2023/4/9, 60, 11, 36, 2, 
2023/4/10, 40, 8, 41, 2, 
2023/4/11, 17, 5, 39, 2, 
2023/4/12, 11, 7, 36, 2, 
2023/4/13, 15, 6, 27, 10, 
2023/4/14, 17, 13, 31, 10, 
2023/4/15, 48, 11, 33, 6, 
2023/4/16, 35, 19, 26, 11, 
2023/4/17, 51, 23, 46, 5, 
2023/4/18, 59, 27, 38, 6, 
2023/4/19, 64, 19, 43, 4, 
2023/4/20, 44, 18, 37, 9, 
2023/4/21, 49, 26, 40, 7, 
2023/4/22, 76, 19, 32, 5, 
2023/4/23, 62, 13, 32, 6, 
2023/4/24, 41, 12, 37, 8, 
2023/4/25, 30, 14, 35, 10, 
2023/4/26, 39, 23, 27, 15, 
2023/4/27, 61, 20, 32, 9, 1
2023/4/28, 63, 20, 27, 11, 
2023/4/29, 65, 18, 29, 4, 
2023/4/30, 60, 12, 31, 3, 
2023/5/1, 43, 13, 29, 7, 
2023/5/2, 39, 13, 30, 7, 
2023/5/3, 37, 22, 34, 8, 1
2023/5/4, 52, 12, 32, 4, 1
2023/5/5, 31, 10, 25, 6, 1
2023/5/6, 29, 8, 29, 4, 1
2023/5/7, 28, 6, 23, 5, 1
2023/5/8, 19, 8, 22, 10, 1
2023/5/9, 22, 9, 27, 6, 1
2023/5/10, 24, 6, 26, 8, 1
2023/5/11, 16, 13, 29, 4, 
2023/5/12, 44, 13, 28, 3, 
2023/5/13, 44, 17, 30, 2, 
2023/5/14, 56, 10, 34, 2, 1
2023/5/15, 24, 12, 36, 2, 
2023/5/16, 29, 13, 32, 6, 
2023/5/17, 34, 17, 37, 9, 
2023/5/18, 46, 14, 30, 6, 2
2023/5/19, 39, 14, 40, 3, 4
2023/5/20, 44, 12, 42, 3, 4
2023/5/21, 34, 15, 36, 5, 2
2023/5/22, 36, 17, 33, 4, 
2023/5/23, 43, 20, 39, 3, 
2023/5/24, 48, 16, 36, 4, 
2023/5/25, 39, 15, 38, 5, 
2023/5/26, 36, 14, 44, 4, 
2023/5/27, 39, 13, 30, 2, 
2023/5/28, 34, 14, 35, 1, 
2023/5/29, 31, 15, 29, 2, 
2023/5/30, 37, 11, 28, 2, 
2023/5/31, 28, 13, 36, 2, 
2023/6/1, 40, 16, 38, 1, 
2023/6/2, 38, 17, 35, 1, 
2023/6/3, 40, 11, 37, 1, 
2023/6/4, 33, 12, 33, 1, 
2023/6/5, 32, 11, 31, 2, 
2023/6/6, 28, 15, 37, 2, 1
2023/6/7, 31, 16, 38, 3, 1
2023/6/8, 36, 20, 42, 2, 1
2023/6/9, 42, 24, 61, 3, 1
2023/6/10, 62, 24, 70, 5, 1
2023/6/11, 61, 29, 60, 7, 1
2023/6/12, 71, 25, 62, 5, 1
2023/6/13, 59, 20, 58, 3, 1
2023/6/14, 42, 21, 61, 4, 1
2023/6/15, 46, 20, 58, 6, 1
2023/6/16, 43, 19, 56, 5, 1
2023/6/17, 45, 19, 42, 6, 2
2023/6/18, 53, 13, 37, 2, 
2023/6/19, 41, 10, 33, 6, 2
2023/6/20, 29, 7, 33, 3, 3
2023/6/21, 21, 10, 37, 8, 
2023/6/22, 30, 10, 28, 9, 
2023/6/23, 29, 9, 24, 4, 
2023/6/24, 24, 9, 47, 4, 
2023/6/25, 21, 8, 31, 3, 
2023/6/26, 16, 11, 26, 4, 
2023/6/27, 29, 9, 30, 4, 
2023/6/28, 31, 10, 29, 5, 1
2023/6/29, 27, 7, 20, 4, 1
2023/6/30, 17, 11, 32, 3, 2
2023/1/2, 28, 8, 30, 6, 2
2023/1/3, 28, 6, 31, 1, 1
2023/1/4, 19, 10, 29, 3, 1
2023/1/5, 28, 5, 31, 4, 1
2023/1/6, 15, 5, 31, 1, 1
2023/1/7, 14, 7, 29, 3, 1
2023/1/8, 17, 8, 26, 4, 1
2023/1/9, 20, 10, 31, 3, 1
2023/1/10, 26, 7, 30, 2, 1
2023/1/11, 18, 5, , 2, 1
2023/1/12, 15, 10, , 3, 1
2023/1/13, 26, 7, , 2, 1
2023/1/14, 18, 5, , 2, 1
2023/1/15, 14, 10, 16, 11, 1
2023/1/16, 31, 11, 22, 15, 1
2023/1/17, 28, 8, 22, 8, 1
2023/1/18, 21, 8, 26, 10, 1
2023/1/19, 20, 13, 26, 15, 1
2023/1/20, 39, 18, 14, 18, 2
2023/1/21, 60, 18, 13, 11, 2
2023/1/22, 61, 19, 10, 15, 2
2023/1/23, 63, 26, 14, 22, 2
2023/1/24, 76, 15, 18, 9, 2
2023/1/25, 52, 13, 16, 16, 2
2023/1/26, 41, 13, 22, 13, 2
2023/1/27, 32, 14, 22, 12, 2
2023/1/28, 46, 8, 25, 2, 1
2023/1/29, 27, 11, 28, 7, 
2023/1/30, 26, 12, 28, 3, 
2023/1/31, 31, 11, 29, 1, 
2023/2/1, 27, 6, 29, 2, 
2023/2/2, 16, 5, 30, 3, 
2023/2/3, 11, 7, 30, 4, 
2023/2/4, 20, 17, 25, 14, 
2023/2/5, 40, 20, 21, 18, 
2023/2/6, 54, 24, 21, 22, 
2023/2/7, 66, 27, 21, 13, 
2023/2/8, 77, 20, 26, 14, 
2023/2/9, 53, 13, 24, 6, 
2023/2/10, 28, 8, 26, 7, 1
2023/2/11, 23, 12, 24, 9, 1
2023/2/12, 38, 20, 23, 10, 1
2023/2/13, 63, 30, 13, 16, 1
2023/2/14, 85, 33, 22, 12, 1
2023/2/15, 86, 11, 26, 4, 1
2023/2/16, 37, 4, 29, 2, 1
2023/2/17, 12, 4, 31, 1, 1
2023/2/18, 12, 6, 30, 2, 1
2023/2/19, 14, 4, 28, 2, 1
2023/2/20, 9, 8, 26, 4, 1
2023/2/21, 23, 13, 25, 6, 1
2023/2/22, 47, 12, 25, 5, 1
2023/2/23, 27, 11, 25, 10, 1
2023/2/24, 26, 12, 28, 7, 1
2023/2/25, 25, 12, 30, 9, 1
2023/2/26, 30, 11, 26, 10, 1
2023/2/27, 31, 9, 29, 9, 1
2023/2/28, 34, 7, 29, 6, 
2023/3/1, 21, 10, 30, 5, 
2023/3/2, 28, 12, 32, 6, 
2023/3/3, 39, 16, 30, 5, 
2023/3/4, 50, 14, 28, 6, 1
2023/3/5, 48, 7, 29, 4, 
2023/3/6, 24, 10, 30, 12, 1
2023/3/7, 26, 16, 27, 15, 1
2023/3/8, 43, 7, 27, 11, 1
2023/3/9, 23, 9, 31, 10, 1
2023/3/10, 21, 15, 24, 14, 1
2023/3/11, 39, 13, 32, 2, 1
2023/3/12, 37, 10, 35, 1, 1
2023/3/13, 30, 11, 32, 4, 1
2023/3/14, 22, 18, 26, 8, 1
2023/3/15, 28, 11, 29, 3, 1
2023/3/16, 21, 18, 32, 4, 1
2023/3/17, 31, 14, 32, 4, 1
2023/3/18, 25, 8, 33, 2, 1
2023/3/19, 18, 11, 29, 4, 1
2023/3/20, 21, 6, 34, 3, 1
2023/3/21, 15, 12, 39, 3, 1
2023/3/22, 31, 11, 37, 3, 1
2023/3/23, 28, 11, 37, 3, 1
2023/3/24, 26, 9, 36, 3, 1
2023/3/25, 23, 11, 32, 7, 2
2023/3/26, 29, 10, 32, 10, 2
2023/3/27, 24, 8, 28, 5, 2
2023/3/28, 23, 8, 27, 3, 2
2023/3/29, 27, 8, 38, 4, 2
2023/3/30, 23, 7, 27, 10, 2
2023/3/31, 20, 7, 26, 5, 2
2022/10/1, 18, 10, 25, 7, 1
2022/10/2, 25, 9, 23, 9, 1
2022/10/3, 25, 6, 23, 2, 1
2022/10/4, 15, 5, 25, 1, 1
2022/10/5, 12, 9, 25, 2, 1
2022/10/6, 18, 7, 24, 3, 1
2022/10/7, 17, 9, 24, 5, 1
2022/10/8, 20, 9, 25, 5, 1
2022/10/9, 24, 13, 24, 8, 1
2022/10/10, 27, 13, 23, 12, 1
2022/10/11, 35, 11, 23, 7, 1
2022/10/12, 32, 12, 22, 10, 1
2022/10/13, 32, 11, 25, 6, 1
2022/10/14, 37, 7, 30, 2, 1
2022/10/15, 19, 7, 27, 4, 1
2022/10/16, 18, 8, 27, 3, 1
2022/10/17, 18, 18, 23, 13, 2
2022/10/18, 33, 15, 21, 6, 1
2022/10/19, 30, 23, 16, 12, 1
2022/10/20, 57, 12, 26, 10, 1
2022/10/21, 36, 9, 24, 3, 2
2022/10/22, 21, 10, 20, 9, 1
2022/10/23, 29, 6, 26, 5, 1
2022/10/24, 16, 7, 22, 6, 1
2022/10/25, 17, 10, 27, 3, 2
2022/10/26, 26, 12, 20, 7, 1
2022/10/27, 32, 11, 31, 5, 1
2022/10/28, 25, 11, 25, 6, 1
2022/10/29, 26, 11, 26, 3, 1
2022/10/30, 26, 11, 24, 8, 1
2022/10/31, 27, 8, 27, 3, 1
2022/11/1, 20, 9, 29, 2, 1
2022/11/2, 19, 11, 26, 9, 1
2022/11/3, 30, 15, 21, 12, 1
2022/11/4, 45, 17, 21, 5, 1
2022/11/5, 48, 19, 23, 4, 1
2022/11/6, 59, 10, 32, 2, 1
2022/11/7, 27, 8, 34, 2, 1
2022/11/8, 20, 7, 24, 4, 1
2022/11/9, 18, 7, 25, 2, 1
2022/11/10, 16, 6, 26, 3, 1
2022/11/11, 16, 12, 21, 9, 1
2022/11/12, 38, 17, 11, 13, 1
2022/11/13, 55, 19, 22, 12, 1
2022/11/14, 61, 9, 24, 7, 1
2022/11/15, 28, 6, 23, 11, 1
2022/11/16, 15, 6, 24, 5, 1
2022/11/17, 21, 5, 25, 4, 1
2022/11/18, 14, 12, 22, 9, 1
2022/11/19, 28, 11, 25, 4, 1
2022/11/20, 31, 9, 25, 15, 1
2022/11/21, 24, 8, 24, 12, 1
2022/11/22, 25, 9, 29, 6, 1
2022/11/23, 25, 11, 27, 4, 1
2022/11/24, 27, 10, 29, 6, 1
2022/11/25, 25, 11, 26, 3, 1
2022/11/26, 28, 20, 25, 6, 2
2022/11/27, 43, 20, 19, 12, 2
2022/11/28, 52, 15, 12, 13, 2
2022/11/29, 51, 14, 15, 10, 2
2022/11/30, 49, 18, 16, 10, 2
2022/12/1, 61, 19, 4, 18, 2
2022/12/2, 60, 14, 13, 7, 2
2022/12/3, 45, 12, 17, 6, 2
2022/12/4, 37, 10, 14, 9, 2
2022/12/5, 35, 10, 16, 15, 2
2022/12/6, 29, 15, 7, 21, 2
2022/12/7, 47, 15, , 22, 2
2022/12/8, 42, 19, , 22, 2
2022/12/9, 57, 12, , 12, 1
2022/12/10, 41, 23, , 15, 1
2022/12/11, 73, 21, , 15, 2
2022/12/12, 69, 23, 7, 18, 2
2022/12/13, 68, 27, 7, 20, 2
2022/12/14, 79, 21, 9, 24, 2
2022/12/15, 60, 19, 15, 22, 2
2022/12/16, 60, 13, 16, 9, 2
2022/12/17, 47, 14, 12, 15, 2
2022/12/18, 53, 6, 24, 2, 2
2022/12/19, 20, 10, 28, 6, 2
2022/12/20, 25, 10, 24, 7, 2
2022/12/21, 28, 8, 18, 9, 2
2022/12/22, 30, 13, 24, 12, 2
2022/12/23, 46, 11, 28, 3, 2
2022/12/24, 29, 8, 28, 2, 2
2022/12/25, 22, 5, 29, 1, 2
2022/12/26, 14, 5, 28, 2, 2
2022/12/27, 14, 5, 31, 2, 2
2022/12/28, 17, 7, 30, 2, 2
2022/12/29, 21, 9, 32, 2, 2
2022/12/30, 22, 7, 30, 3, 2
2022/12/31, 20, 10, 30, 2, 2
2023/1/1, 25, 9, 23, 7, 2
2022/7/1, 14, 5, 21, 4, 1
2022/7/2, 13, 6, 21, 4, 1
2022/7/3, 13, 5, 24, 4, 
2022/7/4, 11, 7, 24, 3, 
2022/7/5, 15, 6, 18, 1, 
2022/7/6, 13, 8, 25, 2, 
2022/7/7, 21, 14, 28, 3, 1
2022/7/8, 41, 8, 28, 2, 1
2022/7/9, 21, 7, 36, 2, 1
2022/7/10, 19, 10, 48, 6, 1
2022/7/11, 20, 11, 34, 3, 1
2022/7/12, 20, 12, 29, 2, 1
2022/7/13, 25, 11, 23, 3, 1
2022/7/14, 20, 8, 23, 3, 1
2022/7/15, 15, 12, 44, 4, 1
2022/7/16, 35, 20, 46, 8, 1
2022/7/17, 52, 18, 63, 4, 1
2022/7/18, 43, 27, 70, 8, 1
2022/7/19, 52, 27, 42, 1, 1
2022/7/20, 56, 15, 19, 3, 1
2022/7/21, 33, 13, 23, 4, 1
2022/7/22, 31, 13, 23, , 1
2022/7/23, 37, 9, 19, , 2
2022/7/24, 21, 8, 25, 1, 2
2022/7/25, 17, 8, 25, 2, 2
2022/7/26, 17, 12, 32, 5, 2
2022/7/27, 26, 14, 29, 6, 2
2022/7/28, 27, 15, 46, 4, 2
2022/7/29, 30, 12, 31, 1, 2
2022/7/30, 27, 5, 23, 1, 2
2022/7/31, 13, 7, 32, 1, 2
2022/8/1, 15, 6, 13, , 2
2022/8/2, 11, 6, 25, , 2
2022/8/3, 15, 9, 26, 3, 2
2022/8/4, 19, 9, 23, 3, 2
2022/8/5, 20, 13, 28, 4, 2
2022/8/6, 39, 9, 31, 7, 2
2022/8/7, 21, 12, 38, 7, 2
2022/8/8, 30, 16, 60, 7, 2
2022/8/9, 34, 20, 57, 11, 2
2022/8/10, 33, 22, 52, 12, 2
2022/8/11, 33, 23, 66, 7, 3
2022/8/12, 37, 23, 76, 3, 3
2022/8/13, 44, 23, 71, 6, 3
2022/8/14, 47, 24, 52, 7, 3
2022/8/15, 49, 25, 37, 7, 3
2022/8/16, 67, 14, 24, 3, 2
2022/8/17, 37, 11, 27, 2, 1
2022/8/18, 30, 9, 23, 1, 1
2022/8/19, 21, 9, 25, , 
2022/8/20, 21, 10, 24, 3, 
2022/8/21, 24, 10, 22, 7, 1
2022/8/22, 29, 8, 21, 3, 1
2022/8/23, 22, 7, 19, 4, 1
2022/8/24, 18, 11, 16, 9, 1
2022/8/25, 29, 11, 24, 9, 1
2022/8/26, 30, 15, 33, 6, 1
2022/8/27, 41, 10, 28, 7, 1
2022/8/28, 24, 8, 24, 3, 1
2022/8/29, 19, 10, 29, 4, 2
2022/8/30, 18, 14, 28, 3, 1
2022/8/31, 29, 15, 35, 4, 
2022/9/1, 22, 17, 30, 9, 
2022/9/2, 33, 21, 39, 10, 
2022/9/3, 60, 11, 28, 5, 
2022/9/4, 35, 9, 24, 6, 
2022/9/5, 22, 8, 27, 7, 
2022/9/6, 20, 9, 24, 7, 
2022/9/7, 22, 9, 22, 11, 
2022/9/8, 22, 16, 25, 10, 
2022/9/9, 45, 10, 22, 7, 1
2022/9/10, 29, 11, 31, 8, 
2022/9/11, 38, 8, 30, 5, 
2022/9/12, 23, 10, 26, 8, 
2022/9/13, 24, 13, 27, 6, 
2022/9/14, 39, 11, 25, 4, 
2022/9/15, 23, 8, 26, 4, 
2022/9/16, 15, 7, 26, 5, 
2022/9/17, 15, 5, 26, 2, 
2022/9/18, 12, 6, 27, 5, 
2022/9/19, 20, 9, 28, 10, 
2022/9/20, 25, 11, 27, 10, 
2022/9/21, 31, 12, 29, 5, 
2022/9/22, 39, 11, 22, 5, 1
2022/9/23, 35, 8, 23, 6, 1
2022/9/24, 23, 8, 26, 5, 1
2022/9/25, 23, 10, 24, 4, 1
2022/9/26, 21, 9, 25, 5, 1
2022/9/27, 17, 7, 21, 6, 1
2022/9/28, 15, 7, 18, 8, 1
2022/9/29, 18, 10, 22, 7, 1
2022/9/30, 33, 8, 24, 1, 1
2022/4/1, 18, 12, 33, 12, 1
2022/4/2, 35, 16, 33, 10, 1
2022/4/3, 51, 6, 30, 3, 1
2022/4/4, 20, 7, 32, 1, 1
2022/4/5, 16, 6, 32, 1, 1
2022/4/6, 17, 7, 32, 3, 1
2022/4/7, 16, 9, 30, 8, 1
2022/4/8, 21, 8, 30, 6, 1
2022/4/9, 17, 10, 33, 13, 1
2022/4/10, 28, 9, 28, 16, 1
2022/4/11, 25, 24, 20, 14, 1
2022/4/12, 62, 14, 26, 8, 1
2022/4/13, 42, 9, 30, 11, 1
2022/4/14, 30, 12, 35, 9, 1
2022/4/15, 36, 17, 35, 9, 1
2022/4/16, 55, 24, 39, 7, 1
2022/4/17, 71, 11, 36, 4, 1
2022/4/18, 35, 12, 31, 9, 1
2022/4/19, 29, 18, 38, 7, 2
2022/4/20, 49, 21, 40, 6, 2
2022/4/21, 47, 27, 35, 4, 1
2022/4/22, 60, 25, 37, 3, 1
2022/4/23, 60, 21, 39, 2, 1
2022/4/24, 55, 16, 32, 5, 1
2022/4/25, 40, 18, 32, 6, 1
2022/4/26, 46, 17, 33, 7, 1
2022/4/27, 40, 18, 33, 6, 1
2022/4/28, 41, 17, 35, 6, 1
2022/4/29, 42, 14, 37, 8, 3
2022/4/30, 41, 12, 34, 4, 
2022/5/1, 39, 16, 24, 7, 
2022/5/2, 55, 25, 20, 10, 1
2022/5/3, 71, 17, 24, 3, 1
2022/5/4, 52, 13, 32, 7, 1
2022/5/5, 32, 11, 22, 3, 1
2022/5/6, 34, 10, 31, 2, 1
2022/5/7, 32, 13, 31, 4, 1
2022/5/8, 43, 13, 33, 3, 1
2022/5/9, 36, 12, 31, , 1
2022/5/10, 35, 8, 28, 2, 1
2022/5/11, 21, 7, 31, 1, 1
2022/5/12, 16, 12, 35, 1, 1
2022/5/13, 28, 18, 36, 6, 1
2022/5/14, 45, 19, 35, 9, 1
2022/5/15, 53, 19, 29, 6, 1
2022/5/16, 56, 12, 30, 3, 1
2022/5/17, 30, 9, 33, 3, 1
2022/5/18, 22, 8, 36, 3, 1
2022/5/19, 20, 7, 32, 3, 1
2022/5/20, 17, 10, 28, 2, 1
2022/5/21, 25, 7, 29, 1, 1
2022/5/22, 16, 5, 26, 3, 1
2022/5/23, 11, 4, 25, 2, 1
2022/5/24, 8, 5, 23, 1, 
2022/5/25, 12, 5, 20, 1, 
2022/5/26, 12, 15, 31, 2, 
2022/5/27, 24, 10, 30, 2, 
2022/5/28, 21, 7, 23, 4, 
2022/5/29, 18, 7, 23, 7, 
2022/5/30, 20, 7, 28, 5, 
2022/5/31, 21, 8, 27, 7, 
2022/6/1, 23, 15, 37, 12, 
2022/6/2, 47, 15, 40, 7, 1
2022/6/3, 46, 12, 33, 1, 1
2022/6/4, 36, 9, 28, 2, 1
2022/6/5, 27, 10, 24, 6, 1
2022/6/6, 34, 16, 32, 7, 1
2022/6/7, 52, 7, 26, 1, 1
2022/6/8, 21, 10, 21, 1, 1
2022/6/9, 24, 15, 31, 1, 1
2022/6/10, 39, 13, 30, 1, 1
2022/6/11, 33, 11, 30, , 1
2022/6/12, 28, 8, 28, 2, 1
2022/6/13, 21, 12, 39, 5, 1
2022/6/14, 33, 21, 48, 10, 1
2022/6/15, 50, 17, 45, 6, 2
2022/6/16, 42, 20, 50, 3, 2
2022/6/17, 36, 16, 23, 4, 1
2022/6/18, 36, 14, 22, 3, 1
2022/6/19, 36, 12, 33, 5, 2
2022/6/20, 30, 15, 45, 8, 2
2022/6/21, 40, 15, 44, 5, 
2022/6/22, 40, 14, 41, 7, 
2022/6/23, 32, 18, 34, 2, 
2022/6/24, 53, 10, 30, 1, 
2022/6/25, 24, 10, 28, 1, 
2022/6/26, 19, 9, 25, 1, 
2022/6/27, 20, 11, 25, 1, 
2022/6/28, 22, 8, 22, 2, 
2022/6/29, 18, 6, 26, 4, 
2022/6/30, 15, 6, 24, 4, 
2022/1/3, 31, 11, 25, 7, 
2022/1/4, 27, 12, 28, 12, 
2022/1/5, 32, 12, 28, 10, 
2022/1/6, 35, 8, 32, 5, 
2022/1/7, 19, 8, 28, 5, 
2022/1/8, 24, 10, 30, 6, 
2022/1/9, 30, 14, 18, 13, 
2022/1/10, 43, 18, 19, 18, 
2022/1/11, 52, 19, 12, 22, 
2022/1/12, 55, 16, 14, 21, 
2022/1/13, 54, 23, 4, 26, 
2022/1/14, 68, 32, 9, 21, 
2022/1/15, 90, 21, 24, 9, 
2022/1/16, 67, 22, 27, 17, 
2022/1/17, 57, 22, 18, 16, 
2022/1/18, 65, 17, 23, 9, 
2022/1/19, 54, 18, 23, 18, 1
2022/1/20, 43, 13, 29, 14, 
2022/1/21, 34, 11, 27, 9, 
2022/1/22, 31, 15, 29, 5, 
2022/1/23, 48, 26, 22, 9, 
2022/1/24, 76, 31, 17, 11, 
2022/1/25, 86, 26, 27, 7, 1
2022/1/26, 72, 13, 29, 11, 1
2022/1/27, 39, 10, 28, 10, 1
2022/1/28, 29, 10, 31, 3, 1
2022/1/29, 26, 15, 33, 6, 1
2022/1/30, 36, 12, 34, 6, 1
2022/1/31, 27, 7, 30, 4, 2
2022/2/1, 17, 6, 27, 5, 1
2022/2/2, 13, 7, 33, 4, 2
2022/2/3, 20, 6, 32, 5, 2
2022/2/4, 14, 8, 33, 3, 2
2022/2/5, 20, 7, 34, 2, 2
2022/2/6, 18, 11, 34, 8, 2
2022/2/7, 27, 7, 34, 3, 2
2022/2/8, 16, 6, 32, 6, 2
2022/2/9, 14, 9, 31, 5, 2
2022/2/10, 19, 10, 27, 8, 1
2022/2/11, 25, 10, 30, 3, 1
2022/2/12, 25, 5, 32, 3, 
2022/2/13, 16, 4, 29, 5, 
2022/2/14, 11, 9, 32, 6, 1
2022/2/15, 23, 10, 37, 2, 1
2022/2/16, 29, 9, 37, 3, 1
2022/2/17, 24, 10, 35, 3, 1
2022/2/18, 26, 7, 32, 4, 1
2022/2/19, 18, 8, 37, 1, 1
2022/2/20, 26, 13, 35, 4, 
2022/2/21, 33, 15, 36, 4, 1
2022/2/22, 40, 9, 33, 4, 1
2022/2/23, 23, 5, 33, 3, 1
2022/2/24, 14, 12, 30, 8, 1
2022/2/25, 27, 15, 30, 8, 1
2022/2/26, 40, 12, 27, 8, 1
2022/2/27, 36, 13, 27, 8, 1
2022/2/28, 43, 12, 26, 9, 1
2022/3/1, 32, 19, 22, 16, 1
2022/3/2, 60, 38, 29, 19, 1
2022/3/3, 100, 15, 32, 9, 1
2022/3/4, 45, 12, 28, 10, 1
2022/3/5, 39, 11, 30, 6, 1
2022/3/6, 36, 13, 27, 11, 1
2022/3/7, 33, 28, 24, 13, 
2022/3/8, 73, 22, 31, 6, 
2022/3/9, 62, 11, 28, 9, 
2022/3/10, 32, 13, 25, 8, 
2022/3/11, 44, 8, 31, 4, 
2022/3/12, 25, 9, 31, 3, 
2022/3/13, 21, 10, 32, 8, 
2022/3/14, 29, 20, 27, 16, 
2022/3/15, 54, 24, 25, 11, 1
2022/3/16, 69, 11, 31, 4, 
2022/3/17, 35, 18, 27, 12, 1
2022/3/18, 48, 17, 30, 3, 1
2022/3/19, 50, 23, 32, 6, 1
2022/3/20, 62, 44, 25, 14, 1
2022/3/21, 103, 45, 29, 16, 1
2022/3/22, 99, 44, 39, 24, 1
2022/3/23, 97, 62, 38, 33, 2
2022/3/24, 141, 57, 42, 28, 2
2022/3/25, 119, 47, 41, 19, 2
2022/3/26, 89, 25, 24, 10, 2
2022/3/27, 69, 21, 23, 15, 2
2022/3/28, 59, 29, 27, 12, 1
2022/3/29, 71, 28, 32, 5, 1
2022/3/30, 71, 11, 29, 6, 1
2022/3/31, 28, 9, 32, 8, 1
2021/10/1, 14, 8, 27, 5, 
2021/10/2, 17, 5, 25, 1, 
2021/10/3, 11, 7, 26, 4, 
2021/10/4, 16, 5, 28, 2, 
2021/10/5, 10, 7, 26, 5, 
2021/10/6, 15, 8, 19, 5, 
2021/10/7, 20, 12, 11, 6, 
2021/10/8, 37, 19, 12, 11, 1
2021/10/9, 58, 14, 27, 4, 1
2021/10/10, 46, 15, 23, 11, 1
2021/10/11, 37, 14, 17, 7, 1
2021/10/12, 35, 9, 17, 9, 1
2021/10/13, 27, 8, 25, 4, 1
2021/10/14, 21, 10, 26, 11, 1
2021/10/15, 26, 15, 20, 9, 1
2021/10/16, 45, 16, 26, 3, 1
2021/10/17, 52, 16, 24, 5, 1
2021/10/18, 51, 10, 18, 2, 1
2021/10/19, 31, 8, 27, 5, 1
2021/10/20, 21, 8, 28, 5, 1
2021/10/21, 17, 7, 28, 5, 1
2021/10/22, 16, 6, 28, 3, 1
2021/10/23, 14, 8, 28, 2, 1
2021/10/24, 19, 9, 28, 4, 1
2021/10/25, 24, 7, 28, 4, 1
2021/10/26, 21, 6, 30, 2, 1
2021/10/27, 14, 8, 31, 3, 1
2021/10/28, 20, 8, 30, 4, 1
2021/10/29, 20, 8, 28, 5, 1
2021/10/30, 19, 7, 31, 2, 1
2021/10/31, 17, 6, 31, 5, 1
2021/11/1, 14, 7, 23, 12, 1
2021/11/2, 16, 12, 10, 17, 1
2021/11/3, 39, 15, 18, 13, 1
2021/11/4, 40, 21, 22, 15, 1
2021/11/5, 66, 11, 30, 3, 1
2021/11/6, 35, 14, 28, 3, 1
2021/11/7, 33, 13, 20, 9, 1
2021/11/8, 39, 9, 23, 5, 1
2021/11/9, 29, 12, 20, 14, 1
2021/11/10, 38, 10, 21, 11, 1
2021/11/11, 36, 9, 26, 4, 1
2021/11/12, 25, 8, 24, 8, 1
2021/11/13, 22, 17, 9, 15, 1
2021/11/14, 52, 21, 10, 11, 1
2021/11/15, 64, 18, 22, 9, 1
2021/11/16, 58, 14, 22, 7, 1
2021/11/17, 35, 12, 24, 6, 1
2021/11/18, 29, 4, 28, 5, 2
2021/11/19, 11, 6, 32, 5, 2
2021/11/20, 15, 9, 21, 9, 2
2021/11/21, 20, 12, 18, 15, 2
2021/11/22, 31, 13, , , 
2021/11/23, 39, 12, 15, 14, 2
2021/11/24, 43, 11, 18, 14, 1
2021/11/25, 28, 9, 27, 5, 1
2021/11/26, 20, 7, 28, 3, 1
2021/11/27, 15, 8, 26, 9, 1
2021/11/28, 25, 15, 16, 13, 1
2021/11/29, 53, 6, 33, 3, 1
2021/11/30, 20, 5, 30, 7, 1
2021/12/1, 13, 10, 20, 12, 1
2021/12/2, 22, 11, 22, 12, 1
2021/12/3, 34, 10, 29, 4, 1
2021/12/4, 32, 7, 29, 5, 1
2021/12/5, 18, 9, 26, 9, 1
2021/12/6, 29, 10, 32, 6, 1
2021/12/7, 27, 7, 32, 1, 1
2021/12/8, 17, 9, 29, 6, 1
2021/12/9, 23, 9, 29, 8, 2
2021/12/10, 24, 10, 20, 6, 1
2021/12/11, 27, 7, 28, 2, 1
2021/12/12, 19, 5, 28, 4, 1
2021/12/13, 15, 7, 28, 5, 1
2021/12/14, 22, 7, 31, 6, 2
2021/12/15, 21, 10, 25, 9, 
2021/12/16, 29, 19, 24, 10, 
2021/12/17, 57, 14, 20, 9, 
2021/12/18, 50, 9, 17, 14, 
2021/12/19, 34, 13, 24, 11, 
2021/12/20, 43, 17, 26, 10, 
2021/12/21, 48, 25, 7, 15, 
2021/12/22, 72, 20, 24, 8, 
2021/12/23, 62, 12, 21, 11, 
2021/12/24, 41, 10, 21, 4, 
2021/12/25, 36, 11, 11, 10, 
2021/12/26, 40, 13, 15, 14, 
2021/12/27, 44, 7, 27, 5, 
2021/12/28, 25, 10, 28, 4, 
2021/12/29, 30, 6, 23, 2, 
2021/12/30, 16, 7, 29, 2, 
2021/12/31, 20, 15, 24, 2, 
2022/1/1, 43, 14, 31, 1, 
2022/1/2, 39, 12, 33, 3, 
2021/7/1, 65, 24, 23, 6, 1
2021/7/2, 67, 13, 14, 3, 1
2021/7/3, 42, 7, 13, 1, 1
2021/7/4, 19, 8, 16, 1, 1
2021/7/5, 18, 8, 17, 1, 1
2021/7/6, 19, 7, 13, 4, 1
2021/7/7, 18, 12, 18, 6, 1
2021/7/8, 34, 14, 19, 6, 1
2021/7/9, 42, 8, 16, 2, 1
2021/7/10, 24, 6, 18, 1, 1
2021/7/11, 19, 8, 21, 4, 1
2021/7/12, 23, 12, 33, 4, 1
2021/7/13, 40, 11, 27, 2, 1
2021/7/14, 30, 12, 31, 3, 2
2021/7/15, 28, 17, 34, 7, 2
2021/7/16, 44, 13, 33, 6, 2
2021/7/17, 31, 15, 34, 6, 2
2021/7/18, 40, 17, 41, 6, 2
2021/7/19, 37, 25, 44, 8, 2
2021/7/20, 49, 29, 50, 7, 2
2021/7/21, 62, 27, 52, 10, 2
2021/7/22, 60, 23, 30, 4, 2
2021/7/23, 54, 17, 30, 1, 2
2021/7/24, 40, 16, 38, 3, 2
2021/7/25, 44, 21, 40, 6, 2
2021/7/26, 54, 22, 29, 7, 2
2021/7/27, 59, 12, 21, 1, 2
2021/7/28, 33, 6, 23, 2, 1
2021/7/29, 16, 8, 21, 6, 
2021/7/30, 22, 9, 21, 4, 1
2021/7/31, 24, 8, 29, 3, 1
2021/8/1, 22, 8, 26, 6, 
2021/8/2, 19, 13, 34, 10, 
2021/8/3, 37, 13, 40, 8, 
2021/8/4, 40, 10, 25, 4, 
2021/8/5, 27, 7, 25, 1, 
2021/8/6, 16, 7, 27, 1, 
2021/8/7, 16, 6, 28, 1, 
2021/8/8, 15, 7, 22, 2, 
2021/8/9, 18, 7, 26, 3, 
2021/8/10, 21, 7, 24, 2, 
2021/8/11, 19, 9, 26, 2, 
2021/8/12, 19, 10, 23, 1, 
2021/8/13, 25, 10, 19, 4, 
2021/8/14, 28, 7, 29, 2, 
2021/8/15, 21, 18, 29, 4, 
2021/8/16, 46, 8, 26, 2, 
2021/8/17, 22, 6, 25, 3, 
2021/8/18, 14, 5, 27, 4, 1
2021/8/19, 14, 7, 22, 4, 1
2021/8/20, 15, 7, 17, 4, 1
2021/8/21, 21, 8, 28, 3, 1
2021/8/22, 22, 10, 37, 5, 1
2021/8/23, 33, 9, 28, 4, 1
2021/8/24, 19, 11, 23, 4, 1
2021/8/25, 27, 14, 30, 4, 
2021/8/26, 36, 10, 28, 5, 
2021/8/27, 23, 14, 33, 8, 
2021/8/28, 37, 16, 31, 6, 
2021/8/29, 49, 10, 28, 3, 
2021/8/30, 27, 9, 25, 5, 
2021/8/31, 21, 16, 25, 5, 
2021/9/1, 41, 17, 30, 3, 
2021/9/2, 44, 18, 28, 4, 
2021/9/3, 47, 18, 36, 5, 
2021/9/4, 51, 21, 45, 11, 
2021/9/5, 57, 27, 50, 15, 
2021/9/6, 70, 27, 55, 13, 
2021/9/7, 67, 32, 62, 12, 
2021/9/8, 69, 22, 34, 4, 
2021/9/9, 58, 9, 30, 3, 
2021/9/10, 28, 7, 32, 2, 
2021/9/11, 21, 8, 27, 4, 1
2021/9/12, 27, 10, 27, 7, 1
2021/9/13, 24, 13, 23, 9, 1
2021/9/14, 38, 18, 28, 10, 1
2021/9/15, 62, 13, 29, 7, 1
2021/9/16, 41, 10, 28, 5, 1
2021/9/17, 28, 13, 33, 6, 1
2021/9/18, 43, 10, 29, 2, 1
2021/9/19, 33, 9, 23, 7, 1
2021/9/20, 22, 13, 23, 10, 1
2021/9/21, 30, 10, 26, 3, 1
2021/9/22, 26, 8, 27, 6, 1
2021/9/23, 18, 11, 18, 6, 1
2021/9/24, 35, 7, 22, 6, 
2021/9/25, 22, 11, 30, 3, 
2021/9/26, 37, 6, 31, 4, 
2021/9/27, 16, 8, 27, 5, 
2021/9/28, 16, 6, 25, 5, 
2021/9/29, 13, 6, 28, 4, 
2021/9/30, 14, 6, 29, 2, 
2021/4/1, 59, 13, 35, 3, 2
2021/4/2, 32, 20, 35, 6, 2
2021/4/3, 46, 25, 38, 6, 2
2021/4/4, 61, 14, 34, 2, 2
2021/4/5, 38, 10, 32, 6, 2
2021/4/6, 17, 10, 30, 7, 
2021/4/7, 17, 8, 33, 3, 3
2021/4/8, 16, 7, 29, 6, 3
2021/4/9, 19, 12, 27, 12, 
2021/4/10, 37, 11, 33, 8, 
2021/4/11, 40, 9, 34, 10, 
2021/4/12, 23, 18, 34, 18, 
2021/4/13, 41, 22, 33, 13, 
2021/4/14, 56, 13, 37, 11, 
2021/4/15, 30, 14, 33, 16, 
2021/4/16, 33, 18, 39, 14, 
2021/4/17, 49, 20, 43, 11, 
2021/4/18, 54, 22, 43, 15, 
2021/4/19, 51, 39, 43, 17, 
2021/4/20, 79, 33, 35, 7, 
2021/4/21, 73, 19, 33, 12, 
2021/4/22, 40, 29, 35, 13, 
2021/4/23, 62, 16, 43, 11, 
2021/4/24, 35, 12, 38, 4, 
2021/4/25, 33, 13, 38, 6, 
2021/4/26, 29, 18, 31, 9, 
2021/4/27, 42, 20, 39, 4, 
2021/4/28, 55, 15, 33, 11, 
2021/4/29, 40, 14, 32, 11, 
2021/4/30, 44, 17, 37, 8, 
2021/5/1, 54, 14, 37, 7, 
2021/5/2, 48, 8, 36, 1, 
2021/5/3, 24, 5, 34, 3, 
2021/5/4, 14, 5, 28, 5, 
2021/5/5, 11, 7, 32, 5, 
2021/5/6, 18, 10, 35, 4, 
2021/5/7, 22, 6, 25, 5, 
2021/5/8, 18, 5, 36, 1, 
2021/5/9, 13, 8, 34, 2, 
2021/5/10, 21, 11, 36, 5, 
2021/5/11, 27, 7, 36, 4, 
2021/5/12, 19, 16, 32, 11, 
2021/5/13, 42, 16, 32, 7, 
2021/5/14, 52, 13, 31, 6, 
2021/5/15, 47, 9, 27, 3, 
2021/5/16, 25, 10, 30, 6, 
2021/5/17, 33, 6, 32, 4, 
2021/5/18, 19, 9, 33, 6, 
2021/5/19, 27, 8, 30, 4, 
2021/5/20, 20, 5, 30, 3, 
2021/5/21, 13, 5, 32, 6, 
2021/5/22, 14, 6, 35, 2, 
2021/5/23, 14, 6, 31, 5, 
2021/5/24, 16, 8, 31, 4, 
2021/5/25, 16, 9, 33, 8, 
2021/5/26, 23, 12, 37, 12, 
2021/5/27, 39, 10, 34, 10, 
2021/5/28, 28, 14, 40, 12, 1
2021/5/29, 43, 13, 38, 6, 1
2021/5/30, 42, 18, 42, 5, 
2021/5/31, 56, 19, 52, 8, 1
2021/6/1, 49, 21, 54, 9, 1
2021/6/2, 51, 16, 35, 3, 1
2021/6/3, 47, 11, 33, 6, 1
2021/6/4, 26, 10, 35, 5, 1
2021/6/5, 24, 8, 29, 4, 1
2021/6/6, 26, 11, 31, 5, 1
2021/6/7, 37, 9, 39, 4, 1
2021/6/8, 23, 8, 29, 2, 1
2021/6/9, 21, 5, 20, 2, 1
2021/6/10, 12, 5, 22, 1, 1
2021/6/11, 12, 10, 25, 3, 1
2021/6/12, 29, 9, , 4, 1
2021/6/13, 23, 11, , 3, 1
2021/6/14, 27, 12, 41, 5, 1
2021/6/15, 28, 12, 42, 4, 1
2021/6/16, 27, 12, 28, 5, 1
2021/6/17, 27, 10, 29, 6, 1
2021/6/18, 23, 8, 30, 4, 1
2021/6/19, 22, 9, , 3, 1
2021/6/20, 29, 11, , 4, 1
2021/6/21, 29, 12, , 4, 1
2021/6/22, 33, 18, , 5, 2
2021/6/23, 49, 14, , 6, 2
2021/6/24, 44, 8, 14, 6, 
2021/6/25, 20, 12, , 3, 1
2021/6/26, 29, 9, , 3, 1
2021/6/27, 27, 10, 18, 5, 1
2021/6/28, 31, 15, , 8, 1
2021/6/29, 46, 21, , 7, 1
2021/6/30, 59, 27, 10, 15, 1
2021/1/4, 24, 8, 17, 8, 1
2021/1/5, 20, 14, 6, 15, 1
2021/1/6, 37, 23, 5, 19, 2
2021/1/7, 68, 19, 8, 17, 1
2021/1/8, 64, 21, 13, 11, 1
2021/1/9, 68, 15, 20, 6, 1
2021/1/10, 55, 7, 25, 3, 1
2021/1/11, 22, 9, 25, 16, 1
2021/1/12, 27, 14, 16, 13, 1
2021/1/13, 49, 7, 14, 15, 1
2021/1/14, 28, 16, 14, 11, 1
2021/1/15, 52, 14, 24, 4, 1
2021/1/16, 48, 11, 25, 4, 1
2021/1/17, 29, 8, 22, 6, 1
2021/1/18, 22, 3, 26, 3, 
2021/1/19, 11, 2, 26, 3, 
2021/1/20, 7, 3, 27, 4, 
2021/1/21, 9, 7, 21, 9, 
2021/1/22, 20, 8, 20, 11, 1
2021/1/23, 27, 9, 18, 11, 1
2021/1/24, 29, 11, 23, 9, 1
2021/1/25, 36, 8, 21, 9, 1
2021/1/26, 27, 9, 17, 14, 1
2021/1/27, 33, 8, 22, 8, 1
2021/1/28, 26, 8, 26, 6, 1
2021/1/29, 24, 7, 18, 6, 1
2021/1/30, 21, 9, 17, 9, 1
2021/1/31, 25, 19, 14, 14, 1
2021/2/1, 57, 17, 26, 14, 1
2021/2/2, 52, 9, 27, 6, 1
2021/2/3, 25, 10, 18, 16, 1
2021/2/4, 33, 9, 20, 11, 1
2021/2/5, 34, 9, 13, 10, 1
2021/2/6, 34, 16, 29, 2, 1
2021/2/7, 38, 12, 29, 5, 1
2021/2/8, 28, 8, 25, 8, 1
2021/2/9, 20, 11, 24, 11, 1
2021/2/10, 22, 13, 20, 17, 1
2021/2/11, 38, 19, 21, 16, 1
2021/2/12, 57, 16, 21, 13, 1
2021/2/13, 50, 14, 24, 6, 1
2021/2/14, 41, 11, 26, 9, 1
2021/2/15, 40, 9, 28, 5, 1
2021/2/16, 26, 10, 30, 4, 1
2021/2/17, 24, 10, 30, 3, 1
2021/2/18, 23, 10, 28, 3, 1
2021/2/19, 22, 24, 27, 3, 1
2021/2/20, 49, 18, 28, 6, 1
2021/2/21, 42, 16, 25, 11, 1
2021/2/22, 45, 8, 26, 3, 1
2021/2/23, 20, 11, 31, 5, 
2021/2/24, 27, 11, 32, 6, 
2021/2/25, 25, 16, 27, 13, 
2021/2/26, 36, 22, 25, 18, 1
2021/2/27, 51, 42, 25, 18, 1
2021/2/28, 104, 21, 19, 14, 1
2021/3/1, 64, 32, 21, 9, 
2021/3/2, 85, 53, 10, 14, 1
2021/3/3, 137, 42, 31, 10, 1
2021/3/4, 112, 15, 31, 6, 1
2021/3/5, 37, 12, 30, 14, 1
2021/3/6, 31, 23, 29, 15, 1
2021/3/7, 66, 24, 24, 10, 1
2021/3/8, 69, 17, 30, 7, 1
2021/3/9, 50, 13, 32, 2, 1
2021/3/10, 42, 10, 33, 1, 1
2021/3/11, 31, 7, 34, 2, 1
2021/3/12, 15, 5, 35, 1, 1
2021/3/13, 14, 6, 36, 2, 1
2021/3/14, 15, 16, 36, 6, 1
2021/3/15, 42, 17, 27, 6, 1
2021/3/16, 43, 28, 19, 14, 1
2021/3/17, 61, 24, 21, 12, 1
2021/3/18, 62, 12, 24, 7, 1
2021/3/19, 43, 16, 24, 8, 1
2021/3/20, 53, 12, 27, 7, 1
2021/3/21, 41, 13, 29, 10, 2
2021/3/22, 40, 18, 30, 7, 2
2021/3/23, 55, 18, 33, 4, 2
2021/3/24, 55, 10, 36, 3, 2
2021/3/25, 27, 8, 34, 2, 2
2021/3/26, 22, 9, 34, 2, 2
2021/3/27, 22, 6, 34, 1, 2
2021/3/28, 14, 5, 32, 3, 2
2021/3/29, 17, 20, 42, 11, 2
2021/3/30, 49, 35, 42, 14, 2
2021/3/31, 62, 33, 31, 5, 2
2020/10/1, 19, 9, 21, 8, 1
2020/10/2, 25, 10, 28, 4, 1
2020/10/3, 33, 4, 26, 4, 1
2020/10/4, 12, 7, 20, 4, 1
2020/10/5, 19, 6, 20, 3, 1
2020/10/6, 14, 8, 21, 4, 1
2020/10/7, 16, 6, 18, 8, 1
2020/10/8, 15, 6, 26, 5, 1
2020/10/9, 15, 6, 21, 3, 1
2020/10/10, 14, 7, 19, 6, 1
2020/10/11, 16, 8, 17, 8, 1
2020/10/12, 20, 9, 15, 8, 1
2020/10/13, 23, 14, 20, 8, 1
2020/10/14, 41, 10, 20, 10, 1
2020/10/15, 24, 10, 14, 11, 2
2020/10/16, 24, 10, 21, 11, 2
2020/10/17, 31, 19, 12, 11, 2
2020/10/18, 61, 18, 19, 9, 2
2020/10/19, 57, 12, 23, 6, 1
2020/10/20, 35, 14, 20, 10, 1
2020/10/21, 40, 7, 22, 5, 1
2020/10/22, 21, 9, 18, 7, 
2020/10/23, 23, 9, 25, 2, 
2020/10/24, 21, 6, 22, 2, 1
2020/10/25, 12, 7, 22, 3, 1
2020/10/26, 18, 10, 21, 3, 1
2020/10/27, 23, 10, 23, 3, 1
2020/10/28, 22, 10, 26, 3, 1
2020/10/29, 25, 7, 26, 9, 1
2020/10/30, 23, 10, 25, 2, 1
2020/10/31, 29, 15, 29, 1, 1
2020/11/1, 39, 8, 27, 1, 1
2020/11/2, 20, 10, 23, 6, 1
2020/11/3, 24, 12, 17, 16, 1
2020/11/4, 32, 23, 18, 15, 1
2020/11/5, 60, 65, 8, 24, 3
2020/11/6, 160, 42, 3, 19, 2
2020/11/7, 107, 45, 2, 13, 1
2020/11/8, 116, 25, 9, 16, 1
2020/11/9, 75, 11, 12, 11, 1
2020/11/10, 35, 8, 23, 5, 1
2020/11/11, 21, 8, 26, 4, 1
2020/11/12, 18, 10, 26, 5, 1
2020/11/13, 24, 10, 23, 5, 1
2020/11/14, 25, 10, 28, 1, 1
2020/11/15, 25, 7, 24, 3, 1
2020/11/16, 16, 4, 27, 3, 1
2020/11/17, 11, 10, 28, 2, 1
2020/11/18, 27, 6, 26, 11, 
2020/11/19, 16, 9, 25, 6, 
2020/11/20, 24, 4, 29, 2, 
2020/11/21, 11, 9, 21, 6, 
2020/11/22, 22, 9, 18, 8, 
2020/11/23, 27, 11, 22, 4, 
2020/11/24, 33, 13, 17, 12, 
2020/11/25, 42, 13, 10, 23, 
2020/11/26, 35, 23, 9, 24, 1
2020/11/27, 66, 29, 4, 20, 
2020/11/28, 81, 24, 6, 12, 
2020/11/29, 76, 14, 19, 6, 
2020/11/30, 50, 12, 18, 18, 
2020/12/1, 33, 14, 20, 14, 
2020/12/2, 40, 9, 20, 12, 
2020/12/3, 27, 7, 19, 7, 
2020/12/4, 23, 9, 15, 14, 
2020/12/5, 29, 19, 3, 18, 1
2020/12/6, 61, 19, 6, 17, 1
2020/12/7, 63, 13, 19, 11, 
2020/12/8, 48, 10, 20, 10, 1
2020/12/9, 26, 11, 11, 16, 1
2020/12/10, 31, 12, 16, 13, 
2020/12/11, 35, 10, 17, 7, 1
2020/12/12, 31, 8, 24, 5, 1
2020/12/13, 23, 11, 26, 5, 1
2020/12/14, 28, 11, 19, 8, 1
2020/12/15, 28, 9, 21, 8, 1
2020/12/16, 23, 9, 21, 5, 1
2020/12/17, 24, 5, 22, 2, 1
2020/12/18, 11, 6, 25, 2, 1
2020/12/19, 16, 8, 23, 4, 1
2020/12/20, 19, 7, 20, 9, 1
2020/12/21, 23, 11, 19, 21, 1
2020/12/22, 27, 12, 23, 10, 1
2020/12/23, 42, 5, 22, 7, 1
2020/12/24, 15, 6, 20, 7, 1
2020/12/25, 17, 4, 29, 1, 1
2020/12/26, 12, 6, 29, 4, 1
2020/12/27, 16, 10, 18, 8, 1
2020/12/28, 36, 16, 14, 14, 1
2020/12/29, 56, 11, 17, 12, 1
2020/12/30, 39, 13, 13, 16, 1
2020/12/31, 45, 17, 10, 9, 1
2021/1/1, 59, 12, 10, 14, 1
2021/1/2, 41, 12, 13, 9, 1
2021/1/3, 45, 8, 15, 7, 1
2020/7/1, 10, 5, 21, 3, 
2020/7/2, 13, 7, 20, 1, 1
2020/7/3, 14, 2, 14, , 1
2020/7/4, 5, 6, 23, , 1
2020/7/5, 12, 8, 25, 2, 1
2020/7/6, 16, 7, 18, 2, 1
2020/7/7, 17, 4, 9, 5, 1
2020/7/8, 11, 4, 18, 4, 1
2020/7/9, 11, 7, 21, 3, 1
2020/7/10, 13, 5, 22, 3, 1
2020/7/11, 12, 6, 30, 5, 1
2020/7/12, 17, 5, 21, 3, 1
2020/7/13, 11, 6, 21, 3, 1
2020/7/14, 16, 5, 15, 3, 1
2020/7/15, 12, 7, 15, 4, 
2020/7/16, 14, 9, 18, 2, 
2020/7/17, 16, 5, 21, 1, 
2020/7/18, 14, 8, 26, 2, 
2020/7/19, 20, 8, 23, 4, 
2020/7/20, 19, 9, 26, 8, 
2020/7/21, 20, 8, 27, 6, 
2020/7/22, 17, 6, 22, 2, 
2020/7/23, 14, 5, 21, 2, 
2020/7/24, 14, 5, 16, 2, 
2020/7/25, 14, 5, 17, 1, 
2020/7/26, 13, 5, 21, 2, 
2020/7/27, 13, 6, 22, 2, 
2020/7/28, 12, 6, 20, 3, 
2020/7/29, 14, 9, 31, 7, 
2020/7/30, 19, 16, 54, 6, 
2020/7/31, 27, 6, 20, 2, 
2020/8/1, 14, 4, 21, 2, 
2020/8/2, 10, 4, 23, 4, 
2020/8/3, 8, 8, 21, 4, 
2020/8/4, 11, 6, 22, 2, 
2020/8/5, 10, 4, 17, 4, 
2020/8/6, 9, 8, 35, 5, 
2020/8/7, 14, 9, 31, 4, 
2020/8/8, 18, 16, 34, 2, 
2020/8/9, 48, 28, 45, 5, 
2020/8/10, 60, 36, 64, 8, 
2020/8/11, 80, 28, 73, 10, 
2020/8/12, 69, 29, 30, 7, 
2020/8/13, 70, 22, 40, 5, 
2020/8/14, 57, 18, 37, 3, 
2020/8/15, 50, 11, 19, 5, 
2020/8/16, 36, 11, 29, 6, 
2020/8/17, 30, 7, 18, 5, 
2020/8/18, 15, 5, 16, 6, 
2020/8/19, 11, 13, 25, 3, 
2020/8/20, 24, 9, 27, 2, 
2020/8/21, 21, 5, 23, 1, 1
2020/8/22, 13, 6, 22, 1, 
2020/8/23, 14, 6, 23, 4, 1
2020/8/24, 16, 4, 23, 2, 
2020/8/25, 7, , , , 
2020/8/27, 23, 6, 17, 4, 
2020/8/28, 17, 5, 18, 1, 
2020/8/29, 11, 8, 23, 5, 
2020/8/30, 20, 15, 24, 11, 
2020/8/31, 46, 13, 28, 6, 
2020/9/1, 33, 11, 26, 4, 
2020/9/2, 32, 7, 17, 1, 
2020/9/3, 18, 11, 19, 4, 
2020/9/4, 25, 10, 21, 2, 
2020/9/5, 23, 7, 19, 4, 
2020/9/6, 19, 7, 15, 5, 
2020/9/7, 20, 5, 14, 1, 
2020/9/8, 12, 6, 19, 3, 
2020/9/9, 14, 12, 22, 11, 
2020/9/10, 30, 10, 22, 4, 
2020/9/11, 25, 8, 21, 1, 
2020/9/12, 19, 8, 21, 2, 1
2020/9/13, 22, 14, 35, 16, 1
2020/9/14, 33, 29, 41, 22, 1
2020/9/15, 61, 29, 23, 9, 1
2020/9/16, 68, 20, 24, 5, 1
2020/9/17, 43, 17, 27, 6, 1
2020/9/18, 24, 16, 31, 2, 1
2020/9/19, 28, 14, 29, 3, 1
2020/9/20, 31, 20, 33, 14, 1
2020/9/21, 49, 27, 35, 8, 1
2020/9/22, 67, 16, 26, 5, 1
2020/9/23, 46, 6, 24, 9, 1
2020/9/24, 15, 7, 23, 4, 1
2020/9/25, 19, 7, 22, 4, 1
2020/9/26, 15, 12, 20, 6, 1
2020/9/27, 26, 11, 16, 11, 1
2020/9/28, 35, 15, 22, 9, 1
2020/9/29, 48, 10, 17, 5, 1
2020/9/30, 30, 8, 21, 9, 1
2020/4/1, 30, 8, 31, 2, 
2020/4/2, 20, 11, 32, 5, 
2020/4/3, 30, 11, 31, 4, 
2020/4/4, 34, 12, 36, 4, 
2020/4/5, 30, 9, 37, 2, 
2020/4/6, 24, 16, 38, 13, 
2020/4/7, 39, 25, 41, 17, 1
2020/4/8, 61, 26, 43, 7, 1
2020/4/9, 62, 28, 52, 7, 1
2020/4/10, 71, 28, 51, 4, 1
2020/4/11, 69, 16, 38, 3, 1
2020/4/12, 47, 13, 34, 1, 1
2020/4/13, 31, 15, 34, 6, 1
2020/4/14, 36, 19, 39, 8, 1
2020/4/15, 51, 36, 44, 11, 1
2020/4/16, 81, 16, 32, 3, 1
2020/4/17, 38, 10, 26, 3, 1
2020/4/18, 28, 12, 38, 1, 1
2020/4/19, 33, 16, 37, 2, 1
2020/4/20, 32, 21, 40, 2, 1
2020/4/21, 41, 26, 43, 3, 1
2020/4/22, 52, 23, 45, 4, 1
2020/4/23, 49, 23, 48, 5, 1
2020/4/24, 54, 17, 36, 5, 1
2020/4/25, 52, 21, 44, 3, 1
2020/4/26, 59, 12, 31, 5, 1
2020/4/27, 31, 6, 27, 5, 1
2020/4/28, 17, 6, 29, 5, 1
2020/4/29, 20, 4, 28, 1, 1
2020/4/30, 9, 5, 32, 2, 1
2020/5/1, 13, 7, 32, 4, 1
2020/5/2, 18, 12, 32, 9, 1
2020/5/3, 39, 19, 33, 7, 1
2020/5/4, 57, 10, 35, 3, 1
2020/5/5, 23, 13, 41, 6, 1
2020/5/6, 31, 16, 43, 7, 
2020/5/7, 48, 15, 36, 5, 
2020/5/8, 44, 16, 39, 7, 
2020/5/9, 51, 11, 30, 2, 
2020/5/10, 27, 10, 29, 1, 
2020/5/11, 18, 10, 32, 6, 
2020/5/12, 26, 8, 30, 2, 
2020/5/13, 18, 9, 34, 3, 
2020/5/14, 21, 9, 33, 4, 
2020/5/15, 21, 6, 34, 3, 
2020/5/16, 17, 8, 30, 2, 
2020/5/17, 22, 9, 33, 1, 
2020/5/18, 24, 6, 31, 2, 
2020/5/19, 16, 13, 36, 7, 
2020/5/20, 33, 11, 41, 3, 
2020/5/21, 27, 15, 34, , 
2020/5/22, 33, 10, 28, , 
2020/5/23, 24, 10, 29, 1, 
2020/5/24, 28, 6, 35, 3, 1
2020/5/25, 15, 9, 28, 3, 1
2020/5/26, 21, 13, 39, 6, 1
2020/5/27, 29, 10, 39, 4, 1
2020/5/28, 23, 10, 37, 4, 1
2020/5/29, 15, 13, 49, 3, 1
2020/5/30, 28, 12, 45, 2, 1
2020/5/31, 28, 11, 42, 2, 1
2020/6/1, 17, 13, 45, 3, 1
2020/6/2, 24, 11, 33, 5, 1
2020/6/3, 30, 6, 24, 5, 1
2020/6/4, 17, 5, 28, 2, 1
2020/6/5, 11, 6, 25, 2, 1
2020/6/6, 15, 8, 23, 2, 1
2020/6/7, 24, 13, 23, 5, 1
2020/6/8, 37, 13, 32, 5, 1
2020/6/9, 33, 13, 26, 6, 1
2020/6/10, 40, 12, 29, 4, 
2020/6/11, 35, 16, 23, 5, 
2020/6/12, 50, 23, 33, 6, 
2020/6/13, 63, , 34, 7, 
2020/6/16, 32, 13, 30, 7, 
2020/6/17, 40, 9, 23, 6, 
2020/6/18, 30, 5, 25, 1, 
2020/6/19, 13, 7, 24, 1, 
2020/6/20, 18, 8, 22, , 
2020/6/21, 20, 12, 30, 1, 
2020/6/22, 28, 12, 35, 2, 
2020/6/23, 28, 17, 66, 6, 
2020/6/24, 42, 20, 66, 8, 1
2020/6/25, 44, 19, 47, 6, 
2020/6/26, 44, , 21, , 
2020/6/29, 20, 8, 22, 2, 
2020/6/30, 20, 4, 17, 2, 
2020/1/1, 76, 10, 24, 5, 1
2020/1/2, 32, 12, 28, 7, 1
2020/1/3, 28, 5, 28, 6, 1
2020/1/4, 14, 6, 27, 6, 1
2020/1/5, 19, 10, 29, 7, 1
2020/1/6, 28, 12, 26, 7, 1
2020/1/7, 31, 20, 29, 11, 1
2020/1/8, 49, 9, 27, 8, 2
2020/1/9, 28, 10, 25, 12, 1
2020/1/10, 30, 5, 29, 3, 1
2020/1/11, 15, 4, 32, 4, 2
2020/1/12, 10, 8, 32, 5, 2
2020/1/13, 20, 9, 33, 4, 3
2020/1/14, 23, 8, 31, 6, 2
2020/1/15, 19, 11, 31, 6, 2
2020/1/16, 25, 8, 30, 7, 2
2020/1/17, 18, 13, 25, 8, 1
2020/1/18, 29, 19, 13, 20, 2
2020/1/19, 59, 15, 11, 18, 1
2020/1/20, 46, 17, 15, 19, 1
2020/1/21, 48, 18, 14, 16, 1
2020/1/22, 60, 16, 14, 16, 2
2020/1/23, 54, 11, 13, 13, 2
2020/1/24, 39, 18, 17, 8, 2
2020/1/25, 50, 13, 22, 6, 3
2020/1/26, 38, 6, 28, 10, 4
2020/1/27, 16, 5, 32, 5, 5
2020/1/28, 11, 9, 31, 4, 4
2020/1/29, 21, 5, 28, 6, 4
2020/1/30, 14, 2, 26, 5, 
2020/1/31, 8, 10, 33, 2, 
2020/2/1, 27, 10, 34, 3, 
2020/2/2, 30, 10, 33, 4, 
2020/2/3, 25, 13, 32, 5, 
2020/2/4, 31, 20, 22, 16, 
2020/2/5, 45, 16, 19, 20, 
2020/2/6, 49, 23, 19, 18, 
2020/2/7, 69, 12, 32, 3, 
2020/2/8, 29, 5, 33, , 
2020/2/9, 15, 7, 35, 3, 
2020/2/10, 16, 8, 34, 2, 
2020/2/11, 19, 8, 30, 7, 
2020/2/12, 19, 5, 31, 8, 
2020/2/13, 14, 9, 25, 8, 
2020/2/14, 27, 4, 32, 2, 
2020/2/15, 13, 4, 38, 1, 
2020/2/16, 11, 8, 34, 2, 
2020/2/17, 20, 8, 30, 3, 
2020/2/18, 19, 8, 33, 6, 
2020/2/19, 21, 4, 35, 4, 
2020/2/20, 10, 9, 34, 5, 
2020/2/21, 24, 6, 35, 3, 
2020/2/22, 16, 4, 32, 7, 
2020/2/23, 11, 3, 31, 3, 
2020/2/24, 7, 4, 31, 4, 
2020/2/25, 9, 6, 32, 6, 
2020/2/26, 14, 8, 30, 10, 
2020/2/27, 22, 3, 27, 8, 
2020/2/28, 10, 5, 36, 1, 
2020/2/29, 12, 9, 35, 2, 
2020/3/1, 23, 9, 33, 9, 
2020/3/2, 21, 10, 28, 8, 
2020/3/3, 23, 9, 23, 13, 
2020/3/4, 24, 14, 22, 14, 
2020/3/5, 45, 21, 29, 18, 1
2020/3/6, 56, 10, 33, 5, 
2020/3/7, 29, 5, 37, 1, 
2020/3/8, 14, 6, 31, 3, 
2020/3/9, 18, 3, 30, 3, 
2020/3/10, 7, 8, 39, 3, 
2020/3/11, 22, 6, 33, 2, 
2020/3/12, 17, 7, 32, 10, 
2020/3/13, 20, 6, 31, 5, 
2020/3/14, 19, 5, 36, 5, 
2020/3/15, 13, 8, 33, 7, 1
2020/3/16, 21, 6, 19, 6, 
2020/3/17, 15, , 19, 12, 
2020/3/19, 18, 10, 26, 5, 
2020/3/20, 25, 9, 28, 4, 
2020/3/21, 21, 14, 26, 5, 
2020/3/22, 41, 19, 23, 15, 
2020/3/23, 51, 26, 27, 9, 
2020/3/24, 66, 27, 34, 10, 
2020/3/25, 68, 32, 35, 12, 
2020/3/26, 76, 39, 41, 4, 
2020/3/27, 92, 18, 34, 1, 
2020/3/28, 43, 10, 33, , 
2020/3/29, 22, 9, 31, 5, 
2020/3/30, 22, 11, 32, 5, 
2020/3/31, 30, 11, 31, 7, 
2019/10/1, 18, 9, , 15, 
2019/10/2, 24, 9, 9, 16, 
2019/10/3, 27, 12, 13, 10, 
2019/10/4, 30, 12, 10, 11, 
2019/10/5, 28, 7, 19, 7, 
2019/10/6, 17, 10, 11, 10, 
2019/10/7, 25, 13, 14, 6, 
2019/10/8, 30, 8, 17, 6, 
2019/10/9, 19, 8, , 6, 
2019/10/10, 20, 6, , 8, 
2019/10/11, 14, 7, , 8, 
2019/10/12, 19, 4, , 8, 
2019/10/13, 11, 7, 13, 14, 
2019/10/14, 17, 10, 18, 11, 
2019/10/15, 31, 8, 18, 13, 
2019/10/16, 19, 8, 23, 12, 
2019/10/17, 20, 5, 20, 9, 
2019/10/18, 12, 5, 23, 9, 
2019/10/19, 15, 9, 20, 11, 
2019/10/20, 26, 8, 16, 14, 
2019/10/21, 22, 11, 22, 15, 
2019/10/22, 31, 17, 18, 16, 
2019/10/23, 53, 15, 20, 11, 
2019/10/24, 47, 6, 19, 9, 
2019/10/25, 16, 4, 20, 13, 
2019/10/26, 14, 15, 28, 11, 
2019/10/27, 35, 16, 21, 20, 
2019/10/28, 48, 15, 22, 18, 
2019/10/29, 45, , 18, 20, 
2019/11/1, 14, 7, 20, 9, 1
2019/11/2, 17, 11, 17, 9, 1
2019/11/3, 37, 15, 18, 13, 1
2019/11/4, 40, 14, 16, 14, 
2019/11/5, 42, 25, 13, 19, 
2019/11/6, 69, 9, 14, 17, 
2019/11/7, 30, 10, 17, 14, 
2019/11/8, 28, 14, 12, 16, 
2019/11/9, 47, 11, 21, 12, 
2019/11/10, 31, 9, 30, 8, 
2019/11/11, 26, 8, 31, 10, 
2019/11/12, 20, 9, 20, 16, 
2019/11/13, 22, 5, 18, 11, 
2019/11/14, 15, 7, 19, 11, 
2019/11/15, 24, , 14, 14, 
2019/11/18, 58, 18, 6, 21, 
2019/11/19, 58, 13, 12, 19, 
2019/11/20, 41, 26, 8, 21, 
2019/11/21, 74, 13, 6, 23, 
2019/11/22, 44, 20, 8, 16, 
2019/11/23, 62, 25, 5, 14, 
2019/11/24, 71, 8, 9, 15, 
2019/11/25, 27, 12, 12, 14, 
2019/11/26, 30, 15, 9, 21, 
2019/11/27, 44, 9, 11, 11, 
2019/11/28, 29, 19, 3, 23, 1
2019/11/29, 51, 19, 3, 21, 
2019/11/30, 60, 14, 13, 16, 
2019/12/1, 47, 14, 8, 23, 
2019/12/2, 43, 13, 12, 15, 
2019/12/3, 44, 20, 11, 18, 
2019/12/4, 62, 13, 23, 10, 1
2019/12/5, 40, 2, 22, 4, 1
2019/12/6, 7, 7, 22, 4, 
2019/12/7, 18, 10, 25, 1, 1
2019/12/8, 24, 14, 23, 9, 1
2019/12/9, 32, 9, 25, 4, 1
2019/12/10, 22, 9, 21, 8, 1
2019/12/11, 22, 6, 15, 9, 2
2019/12/12, 15, 3, 26, 3, 3
2019/12/13, 8, , 28, 2, 3
2019/12/16, 52, 22, 6, 28, 5
2019/12/17, 65, 9, 16, 14, 2
2019/12/18, 34, 9, 31, 8, 2
2019/12/19, 23, 8, 21, 18, 1
2019/12/20, 25, 9, 23, 14, 1
2019/12/21, 25, 7, 24, 8, 1
2019/12/22, 24, 9, 24, 6, 
2019/12/23, 21, 8, 29, 6, 
2019/12/24, 23, 10, 25, 10, 
2019/12/25, 28, 13, 14, 18, 
2019/12/26, 47, 15, 10, 15, 
2019/12/27, 54, 10, 21, 7, 
2019/12/28, 36, 14, 20, 5, 
2019/12/29, 50, , , , 
2019/7/1, 16, 10, , 8, 
2019/7/2, 23, 13, , 7, 
2019/7/3, 30, 16, , 14, 
2019/7/4, 38, 11, , 11, 
2019/7/5, 26, 7, , 8, 
2019/7/6, 20, 11, , 6, 
2019/7/7, 31, 14, , 6, 
2019/7/8, 35, 16, 18, 7, 
2019/7/9, 40, 14, 19, 4, 
2019/7/10, 38, 6, 18, 2, 
2019/7/11, 18, 8, 19, 2, 
2019/7/12, 18, 5, 18, 2, 
2019/7/13, 15, , 21, 4, 
2019/7/15, 46, 17, 32, 7, 
2019/7/16, 45, 19, 34, 9, 
2019/7/17, 47, 8, 21, 3, 
2019/7/18, 18, 8, 16, 3, 
2019/7/19, 21, 21, 28, 2, 
2019/7/20, 45, 6, 19, 1, 
2019/7/21, 15, 7, 15, 1, 
2019/7/22, 17, 19, 33, 8, 
2019/7/23, 38, 15, 35, 5, 
2019/7/24, 39, 25, 45, 9, 
2019/7/25, 45, 11, 23, 5, 
2019/7/26, 29, 9, 12, 4, 
2019/7/27, 28, 6, 12, 4, 
2019/7/28, 16, 9, 25, 5, 
2019/7/29, 18, 12, 14, 9, 
2019/7/30, 26, 8, 19, 2, 
2019/7/31, 23, 14, 23, 5, 
2019/8/1, 42, 13, 30, 6, 
2019/8/2, 35, 18, 12, 6, 
2019/8/3, 50, 17, 6, 5, 
2019/8/4, 46, 9, , 2, 
2019/8/5, 24, 8, 15, 2, 
2019/8/6, 20, 8, 24, 1, 
2019/8/7, 19, 9, 22, 3, 
2019/8/8, 21, 10, 14, 2, 
2019/8/9, 25, 9, 24, 1, 
2019/8/10, 22, 7, 20, 1, 
2019/8/11, 17, 8, 19, 4, 
2019/8/12, 19, 6, 22, 3, 
2019/8/13, 14, 6, 11, 3, 
2019/8/14, 15, 7, 22, 4, 
2019/8/15, 16, 6, 10, 5, 
2019/8/16, 16, 12, 23, 3, 
2019/8/17, 26, 11, 23, 3, 
2019/8/18, 24, 10, 18, 4, 1
2019/8/19, 22, 9, 22, 4, 1
2019/8/20, 24, 9, 17, 4, 1
2019/8/21, 25, 9, 16, 4, 1
2019/8/22, 24, 9, 16, 7, 1
2019/8/23, 23, 20, 39, 15, 1
2019/8/24, 44, 27, 42, 18, 1
2019/8/25, 62, 29, 32, 9, 1
2019/8/26, 75, 35, 20, 13, 1
2019/8/27, 81, 7, 15, 5, 1
2019/8/28, 20, 8, 18, 4, 1
2019/8/29, 20, 13, 16, 2, 1
2019/8/30, 32, , , , 
2019/9/1, 27, 9, 20, 3, 1
2019/9/2, 21, 7, 20, 2, 1
2019/9/3, 17, 7, 17, 2, 1
2019/9/4, 14, 11, 17, 4, 1
2019/9/5, 24, 10, 15, 4, 1
2019/9/6, 23, 8, 15, 6, 1
2019/9/7, 20, 10, 20, 9, 1
2019/9/8, 29, 9, 8, 4, 1
2019/9/9, 28, 12, 1, 3, 1
2019/9/10, 32, 7, 15, 6, 
2019/9/11, 17, 8, 13, 9, 
2019/9/12, 19, 13, 21, 14, 
2019/9/13, 29, 13, 21, 11, 
2019/9/14, 32, 7, 17, 7, 
2019/9/15, 19, 7, 11, 10, 
2019/9/16, 21, 13, 19, 13, 
2019/9/17, 34, 17, 15, 13, 
2019/9/18, 37, 19, 9, 15, 
2019/9/19, 46, 16, 22, 14, 
2019/9/20, 34, 21, 31, 20, 
2019/9/21, 44, 15, 14, 12, 
2019/9/22, 38, 7, 13, 8, 
2019/9/23, 15, 5, 13, 8, 
2019/9/24, 13, 4, 10, 9, 
2019/9/25, 11, 7, 10, 7, 
2019/9/26, 17, 6, 7, 7, 
2019/9/27, 16, 6, , 6, 
2019/9/28, 16, 3, , 6, 
2019/9/29, 8, 6, , 9, 
2019/9/30, 15, 8, , 8, 
2019/4/1, 52, 10, 22, 19, 
2019/4/2, 31, 5, 17, 21, 
2019/4/3, 40, 9, 24, 12, 
2019/4/4, 45, 14, 23, 11, 
2019/4/5, 42, 19, 35, 6, 
2019/4/6, 55, 40, 26, 4, 
2019/4/7, 111, 55, 29, 8, 
2019/4/8, 137, 29, 36, 5, 
2019/4/9, 64, 19, 32, 6, 
2019/4/10, 44, 19, 33, 11, 
2019/4/11, 49, 18, 33, 9, 
2019/4/12, 53, 16, 36, 6, 
2019/4/13, 51, 17, 35, 5, 
2019/4/14, 54, 35, 33, 7, 
2019/4/15, 86, 49, 17, 13, 
2019/4/16, 118, 47, 32, 7, 
2019/4/17, 106, 51, 28, 9, 
2019/4/18, 124, 40, 42, 8, 
2019/4/19, 96, 33, 51, 13, 
2019/4/20, 88, 26, 52, 20, 
2019/4/21, 73, 30, 59, 9, 
2019/4/22, 80, 38, 30, 9, 
2019/4/23, 88, 34, 26, 11, 
2019/4/24, 82, 12, 20, 7, 
2019/4/25, 35, , , , 
2019/4/27, 10, 15, , , 
2019/4/28, 43, 12, , , 
2019/4/29, 39, 23, , , 
2019/4/30, 66, 26, , , 
2019/5/1, 69, 8, , , 
2019/5/2, 20, 10, , , 
2019/5/3, 34, 9, , , 
2019/5/4, 23, 10, , , 
2019/5/5, 31, 8, , , 
2019/5/6, 22, 11, 25, 15, 
2019/5/7, 33, 9, 22, 14, 
2019/5/8, 30, 12, 21, 11, 
2019/5/9, 41, 11, 24, 12, 
2019/5/10, 35, 11, 30, 8, 
2019/5/11, 36, 8, 31, 9, 
2019/5/12, 23, 11, 35, 10, 
2019/5/13, 33, 12, 35, 10, 
2019/5/14, 34, 13, 35, 7, 
2019/5/15, 35, 20, 37, 6, 
2019/5/16, 47, 13, 31, 8, 
2019/5/17, 34, 13, 27, 9, 
2019/5/18, 46, 17, 27, 11, 
2019/5/19, 59, 13, 28, 13, 
2019/5/20, 46, 9, 28, 12, 
2019/5/21, 27, 7, 28, 15, 
2019/5/22, 17, 7, 32, 15, 
2019/5/23, 18, 12, 22, 13, 
2019/5/24, 32, 7, 24, 8, 
2019/5/25, 20, 6, 20, 5, 
2019/5/26, 15, 6, 21, 7, 
2019/5/27, 15, 5, 27, 11, 
2019/5/28, 13, 7, 13, 17, 
2019/5/29, 19, 7, 17, 5, 
2019/5/30, 20, 6, 12, 8, 
2019/5/31, 16, 6, 19, 9, 
2019/6/1, 16, 9, 24, 5, 
2019/6/2, 26, 9, 22, 9, 
2019/6/3, 22, 12, 13, 15, 
2019/6/4, 28, 5, 22, 10, 
2019/6/5, 12, 6, 26, 13, 
2019/6/6, 15, 12, 13, 13, 
2019/6/7, 33, 4, 24, 6, 
2019/6/8, 11, 7, 24, 7, 
2019/6/9, 18, 7, 23, 8, 
2019/6/10, 21, 5, 23, 6, 
2019/6/11, 13, 4, 9, 17, 
2019/6/12, 15, 6, 13, 19, 
2019/6/13, 18, 4, 15, 16, 
2019/6/14, 10, 7, 22, 13, 
2019/6/15, 17, 7, 21, 8, 
2019/6/16, 18, 7, 20, 10, 
2019/6/17, 18, 9, 13, 16, 
2019/6/18, 25, 11, 21, 16, 
2019/6/19, 35, 5, 21, 12, 
2019/6/20, 12, 7, 21, 12, 
2019/6/21, 17, 10, 27, 14, 
2019/6/22, 29, 16, 28, 5, 
2019/6/23, 46, 36, 18, 15, 
2019/6/24, 88, 18, 16, 10, 
2019/6/25, 47, 11, 23, 6, 
2019/6/26, 32, 12, 23, 4, 
2019/6/27, 28, 16, 23, 4, 
2019/6/28, 36, 21, 31, 11, 
2019/6/29, 49, 6, 74, 3, 
2019/6/30, 17, 7, , 7, 
2019/3/20, 42, 18, 18, 14, 
2019/3/21, 43, 15, 10, 14, 
2019/3/22, 42, 19, 21, 13, 
2019/3/23, 43, 15, 28, 10, 
2019/3/24, 38, 17, 31, 11, 
2019/3/25, 42, 18, 31, 14, 
2019/3/26, 45, 17, 26, 20, 
2019/3/27, 50, 21, 26, 18, 
2019/3/28, 60, 32, 27, 23, 
2019/3/29, 94, 36, 26, 22, 
2019/3/30, 113, 16, 23, 18, 
2019/3/31, 40, 22, 34, 3, 
2025/7/20, , 7, 26, 7, 
2025/9/17, , 4, 18, 2, 
2024/12/31, , 6, 31, 7, 
2024/2/19, , 7, 29, 4, 
2023/7/17, , 7, 21, 5, 1
2023/8/20, , 6, 23, 2, 2
2020/8/26, , 8, 10, 10, 
2020/6/15, , 11, 29, 7, 
2020/6/28, , 9, 22, , 
2019/12/31, , 26, 15, 11, 1
2020/3/18, , 7, 24, 10, 
2019/10/31, , 5, 16, 12, 
2019/11/17, , 20, 6, 21, 
2019/12/15, , 20, 21, 15, 3
2019/7/14, , 17, 25, 7, 
2019/8/31, , 12, 19, 6, 1
2019/4/26, , 8, , , 
2019/3/19, , 13, 21, 15, 
2025/7/17, , , 24, 4, 
2025/7/18, , , 23, 8, 
2025/7/19, , , 25, 6, 
2025/9/16, , , 22, 3, 1
2024/2/17, , , 26, 4, 
2024/2/18, , , 28, 5, 
2023/8/16, , , 32, 5, 1
2023/8/17, , , 29, 6, 2
2023/8/18, , , 26, 1, 1
2023/8/19, , , 26, 2, 1
2020/6/14, , , 34, 7, 
2020/6/27, , , 24, , 
2019/10/30, , , 13, 20, 
2019/11/16, , , 8, 12, 
2019/12/14, , , 25, 4, 2
2019/3/18, , , 20, 20, 