date, pm25, pm10, o3, no2
2025/11/1, 21, 8, 25, 4
2025/11/2, 20, 8, 28, 2
2025/11/3, 19, 8, 28, 3
2025/11/4, 18, 12, 22, 5
2025/11/5, 30, 15, 11, 8
2025/11/6, 45, 12, 18, 5
2025/11/7, 38, 18, 16, 6
2025/11/8, 50, 18, 18, 5
2025/11/9, 56, 7, 18, 6
2025/11/10, 18, 7, 22, 4
2025/11/11, 17, 9, 22, 6
2025/11/12, 24, 13, 20, 10
2025/11/13, 36, 11, 23, 2
2025/11/14, 32, , , 
2025/10/1, 32, 14, 29, 6
2025/10/2, 45, 9, 26, 2
2025/10/3, 26, 9, 26, 
2025/10/4, 18, 11, 24, 1
2025/10/5, 24, 10, 21, 3
2025/10/6, 21, 9, 22, 4
2025/10/7, 19, 9, 19, 7
2025/10/8, 23, 11, 23, 6
2025/10/9, 28, 11, 19, 11
2025/10/10, 28, 15, 20, 9
2025/10/11, 46, 20, 13, 8
2025/10/12, 65, 16, 14, 5
2025/10/13, 55, 12, 16, 5
2025/10/14, 41, 12, 23, 3
2025/10/15, 42, 9, 22, 9
2025/10/16, 26, 17, 20, 12
2025/10/17, 46, 12, 21, 5
2025/10/18, 39, 11, 22, 4
2025/10/19, 35, 9, 21, 7
2025/10/20, 24, 8, 19, 4
2025/10/21, 22, 7, 18, 9
2025/10/22, 17, 6, 23, 4
2025/10/23, 16, 7, 22, 3
2025/10/24, 14, 5, 26, 3
2025/10/25, 10, 5, 24, 2
2025/10/26, 10, 10, 26, 2
2025/10/27, 22, 10, 26, 2
2025/10/28, 22, 9, 24, 6
2025/10/29, 20, 8, 23, 5
2025/10/30, 17, 8, 26, 4
2025/10/31, 20, 9, 28, 3
2025/7/1, 32, 13, 30, 2
2025/7/2, 28, 7, 29, 3
2025/7/3, 11, 9, 29, 1
2025/7/4, 17, 7, 23, 
2025/7/5, 15, 5, 19, 
2025/7/6, 14, 8, 30, 1
2025/7/7, 20, 13, 35, 2
2025/7/8, 24, 8, 32, 4
2025/7/9, 15, 8, 49, 5
2025/7/10, 17, 12, 68, 7
2025/7/11, 23, 10, 33, 2
2025/7/12, 18, 10, 37, 1
2025/7/13, 27, 12, 29, 2
2025/7/14, 30, 10, 19, 1
2025/7/15, 18, 10, 31, 3
2025/7/16, 20, 9, 18, 5
2025/7/17, 21, 7, 24, 3
2025/7/18, 15, 8, 23, 5
2025/7/19, 21, 7, 24, 2
2025/7/20, 17, 8, 26, 5
2025/7/21, 13, 8, 20, 5
2025/7/22, 15, 15, 20, 4
2025/7/23, 43, 20, 22, 3
2025/7/24, 60, 24, 33, 5
2025/7/25, 66, 9, 24, 2
2025/7/26, 27, 8, 15, 4
2025/7/27, 22, 9, 27, 4
2025/7/28, 25, 7, 19, 4
2025/7/29, 18, 7, 25, 3
2025/7/30, 18, 9, 29, 2
2025/7/31, 22, 8, 19, 2
2025/8/1, 16, 7, 29, 3
2025/8/2, 14, 7, 22, 2
2025/8/3, 20, 7, 26, 2
2025/8/4, 15, 10, 22, 1
2025/8/5, 18, 12, 30, 2
2025/8/6, 26, 13, 27, 1
2025/8/7, 33, 11, 27, 2
2025/8/8, 34, 11, 28, 2
2025/8/9, 29, 16, 31, 4
2025/8/10, 50, 24, 41, 9
2025/8/11, 58, 23, 63, 6
2025/8/12, 53, 21, 34, 13
2025/8/13, 51, 12, 17, 2
2025/8/14, 31, 11, 33, 2
2025/8/15, 29, 12, 25, 
2025/8/16, 34, 10, 27, 
2025/8/17, 23, 10, 24, 
2025/8/18, 25, 8, 26, 1
2025/8/19, 16, 10, 25, 1
2025/8/20, 20, 11, 28, 4
2025/8/21, 21, 10, 30, 5
2025/8/22, 19, 11, 25, 8
2025/8/23, 29, 11, 32, 4
2025/8/24, 33, 9, 40, 4
2025/8/25, 19, 11, 34, 3
2025/8/26, 20, 11, 27, 3
2025/8/27, 21, 9, 21, 3
2025/8/28, 16, 7, 20, 3
2025/8/29, 16, 6, 17, 2
2025/8/30, 13, 11, 25, 1
2025/8/31, 24, 9, 22, 2
2025/9/1, 20, 8, 19, 4
2025/9/2, 16, 6, 21, 3
2025/9/3, 13, 6, 21, 6
2025/9/4, 11, 7, 21, 6
2025/9/5, 13, 8, 31, 5
2025/9/6, 18, 8, 25, 4
2025/9/7, 17, 7, 23, 4
2025/9/8, 13, 7, 25, 5
2025/9/9, 15, 7, 22, 3
2025/9/10, 14, 8, 18, 2
2025/9/11, 16, 6, 22, 2
2025/9/12, 13, 7, 25, 3
2025/9/13, 14, 9, 21, 3
2025/9/14, 19, 10, 25, 
2025/9/15, 22, 7, 23, 2
2025/9/16, 14, 5, 18, 2
2025/9/17, 11, 3, 16, 1
2025/9/18, 9, 8, 27, 4
2025/9/19, 19, 9, 23, 4
2025/9/20, 25, 5, 23, 3
2025/9/21, 13, 8, 24, 6
2025/9/22, 16, 10, 25, 6
2025/9/23, 21, 10, 24, 4
2025/9/24, 28, 10, 28, 3
2025/9/25, 17, 13, 19, 8
2025/9/26, 22, 16, 19, 6
2025/9/27, 50, 11, 23, 6
2025/9/28, 37, 10, 20, 9
2025/9/29, 29, 12, 22, 10
2025/9/30, 32, 11, 22, 11
2025/4/1, 28, 14, 32, 3
2025/4/2, 36, 23, 34, 4
2025/4/3, 62, 28, 36, 4
2025/4/4, 69, 16, 35, 1
2025/4/5, 41, 10, 33, 1
2025/4/6, 24, 12, 34, 4
2025/4/7, 27, 15, 35, 8
2025/4/8, 36, 16, 31, 5
2025/4/9, 42, 24, 30, 7
2025/4/10, 60, 29, 38, 12
2025/4/11, 58, 25, 40, 9
2025/4/12, 55, 10, 33, 4
2025/4/13, 27, 7, 31, 4
2025/4/14, 16, 10, 30, 4
2025/4/15, 30, 9, 32, 1
2025/4/16, 13, 8, 32, 5
2025/4/17, 15, 10, 32, 6
2025/4/18, 26, 14, 30, 3
2025/4/19, 45, 8, 33, 1
2025/4/20, 22, 9, 22, 4
2025/4/21, 30, 7, 31, 3
2025/4/22, 17, 4, 26, 1
2025/4/23, 13, 14, 30, 2
2025/4/24, 45, 12, 34, 5
2025/4/25, 38, 19, 30, 5
2025/4/26, 59, 12, 31, 4
2025/4/27, 34, 8, 35, 8
2025/4/28, 18, 17, 51, 7
2025/4/29, 48, 19, 55, 11
2025/4/30, 48, 19, 61, 9
2025/5/1, 50, 19, 36, 3
2025/5/2, 50, 13, 30, 3
2025/5/3, 33, 7, 30, 1
2025/5/4, 15, 9, 27, 
2025/5/5, 18, 10, 32, 3
2025/5/6, 24, 15, 31, 5
2025/5/7, 42, 10, 33, 2
2025/5/8, 25, 10, 41, 2
2025/5/9, 25, 12, 45, 4
2025/5/10, 26, 12, 47, 3
2025/5/11, 28, 13, 43, 5
2025/5/12, 37, 14, 43, 2
2025/5/13, 31, 17, 37, 1
2025/5/14, 45, 18, 32, 1
2025/5/15, 42, 18, 41, 1
2025/5/16, 41, 13, 36, 3
2025/5/17, 35, 17, 35, 1
2025/5/18, 49, 15, 36, 1
2025/5/19, 38, 15, 37, 2
2025/5/20, 34, 15, 38, 3
2025/5/21, 39, 16, 28, 4
2025/5/22, 34, 11, 38, 5
2025/5/23, 25, , , 
2025/5/25, 13, 8, 30, 
2025/5/26, 17, 6, 22, 1
2025/5/27, 13, 6, 27, 2
2025/5/28, 12, 6, 18, 1
2025/5/29, 13, 5, 19, 2
2025/5/30, 11, 5, 27, 2
2025/5/31, 12, 8, 29, 1
2025/6/1, 20, 9, 31, 2
2025/6/2, 18, 9, 29, 2
2025/6/3, 19, 10, 32, 2
2025/6/4, 22, 7, 27, 3
2025/6/5, 14, 6, 26, 2
2025/6/6, 11, 6, 24, 2
2025/6/7, 14, 8, 25, 1
2025/6/8, 23, 26, 36, 2
2025/6/9, 74, 13, 39, 3
2025/6/10, 43, 12, 39, 4
2025/6/11, 38, 15, 38, 5
2025/6/12, 43, 12, 36, 3
2025/6/13, 31, 11, 35, 3
2025/6/14, 31, 7, 28, 1
2025/6/15, 18, 7, 30, 2
2025/6/16, 18, 12, 37, 2
2025/6/17, 37, 12, 38, 3
2025/6/18, 33, 13, 51, 4
2025/6/19, 32, 18, 61, 3
2025/6/20, 45, 16, 46, 3
2025/6/21, 39, 13, 36, 
2025/6/22, 33, 7, 28, 
2025/6/23, 14, 8, 23, 
2025/6/24, 18, 5, 22, 1
2025/6/25, 8, 7, 31, 1
2025/6/26, 14, 10, 29, 1
2025/6/27, 19, 6, 24, 
2025/6/28, 13, 5, 21, 1
2025/6/29, 14, 9, 34, 4
2025/6/30, 21, 14, 34, 3
2025/1/1, 14, 9, 20, 13
2025/1/2, 25, 12, 20, 13
2025/1/3, 39, 11, 18, 12
2025/1/4, 41, 10, 29, 9
2025/1/5, 35, 4, 25, 4
2025/1/6, 15, 6, 19, 7
2025/1/7, 14, 13, 18, 18
2025/1/8, 37, 18, 15, 20
2025/1/9, 55, 20, 9, 21
2025/1/10, 60, 32, 1, 21
2025/1/11, 89, 23, 4, 16
2025/1/12, 73, 9, 19, 8
2025/1/13, 33, 10, 15, 9
2025/1/14, 34, 10, 15, 8
2025/1/15, 36, 8, 9, 9
2025/1/16, 33, 16, 18, 7
2025/1/17, 53, 19, 18, 4
2025/1/18, 64, 16, 10, 8
2025/1/19, 58, 19, 7, 10
2025/1/20, 62, 18, 13, 11
2025/1/21, 60, 25, 7, 18
2025/1/22, 74, 12, 26, 8
2025/1/23, 35, 18, 31, 5
2025/1/24, 39, 13, 24, 10
2025/1/25, 27, 7, 29, 3
2025/1/26, 17, 8, 30, 4
2025/1/27, 19, 6, 27, 6
2025/1/28, 16, 7, 21, 8
2025/1/29, 17, 10, 23, 11
2025/1/30, 23, 10, 19, 10
2025/1/31, 31, 11, 25, 8
2025/2/1, 40, 11, 23, 8
2025/2/2, 36, 11, 12, 10
2025/2/3, 40, 8, 26, 5
2025/2/4, 17, 14, 22, 12
2025/2/5, 33, 16, 20, 14
2025/2/6, 52, 12, 23, 3
2025/2/7, 37, 23, 20, 5
2025/2/8, 70, 31, 20, 4
2025/2/9, 88, 28, 24, 3
2025/2/10, 80, 25, 20, 6
2025/2/11, 74, 25, 15, 7
2025/2/12, 73, 25, 26, 5
2025/2/13, 68, 20, 26, 6
2025/2/14, 58, 30, 16, 8
2025/2/15, 87, 27, 20, 6
2025/2/16, 80, 19, 19, 8
2025/2/17, 62, 24, 19, 9
2025/2/18, 71, 33, 13, 11
2025/2/19, 87, 16, 23, 5
2025/2/20, 50, 5, 26, 4
2025/2/21, 16, 12, 25, 7
2025/2/22, 31, 10, 31, 3
2025/2/23, 26, 8, 30, 5
2025/2/24, 17, 11, 28, 6
2025/2/25, 23, 8, 25, 6
2025/2/26, 18, 7, 27, 6
2025/2/27, 19, 17, 21, 12
2025/2/28, 47, 21, 29, 14
2025/3/1, 59, 22, 31, 15
2025/3/2, 59, 23, 27, 16
2025/3/3, 58, 19, 30, 11
2025/3/4, 50, 25, 30, 11
2025/3/5, 66, 37, 25, 11
2025/3/6, 84, 23, 21, 6
2025/3/7, 55, 22, 29, 8
2025/3/8, 61, 39, 33, 6
2025/3/9, 99, 52, 36, 6
2025/3/10, 134, 24, 31, 2
2025/3/11, 59, 8, 26, 4
2025/3/12, 17, 6, 26, 4
2025/3/13, 18, 11, 29, 6
2025/3/14, 31, 9, 30, 4
2025/3/15, 26, 7, 30, 3
2025/3/16, 23, 8, 30, 
2025/3/17, 18, 15, 29, 4
2025/3/18, 40, 36, 26, 14
2025/3/19, 78, 29, 33, 9
2025/3/20, 69, 29, 27, 7
2025/3/21, 67, 23, 26, 3
2025/3/22, 52, 28, 28, 3
2025/3/23, 72, 38, 34, 7
2025/3/24, 87, 27, 21, 7
2025/3/25, 69, 15, 26, 8
2025/3/26, 43, 14, 24, 4
2025/3/27, 41, 7, 32, 3
2025/3/28, 15, 8, 30, 2
2025/3/29, 18, 12, 33, 2
2025/3/30, 28, 15, 31, 7
2025/3/31, 35, 11, 31, 3
2024/10/1, 16, 9, 26, 3
2024/10/2, 18, 11, 29, 9
2024/10/3, 23, 13, 28, 8
2024/10/4, 32, 12, 28, 6
2024/10/5, 42, 9, 20, 3
2024/10/6, 26, 9, 25, 5
2024/10/7, 23, 9, 21, 5
2024/10/8, 25, 7, 23, 5
2024/10/9, 20, 9, 22, 7
2024/10/10, 18, 11, 23, 13
2024/10/11, 28, 9, 26, 5
2024/10/12, 26, 10, 22, 6
2024/10/13, 22, 10, 20, 7
2024/10/14, 29, 13, 20, 7
2024/10/15, 45, 20, 20, 6
2024/10/16, 54, 12, 21, 8
2024/10/17, 28, 9, 24, 5
2024/10/18, 20, 9, 25, 6
2024/10/19, 21, 13, 25, 2
2024/10/20, 33, 23, 23, 6
2024/10/21, 48, 15, 19, 8
2024/10/22, 34, 10, 18, 8
2024/10/23, 27, 10, 20, 4
2024/10/24, 28, 15, 11, 10
2024/10/25, 49, 12, 10, 10
2024/10/26, 38, 10, 24, 5
2024/10/27, 27, 6, 23, 3
2024/10/28, 16, 7, 15, 7
2024/10/29, 18, 11, 15, 5
2024/10/30, 32, 17, 12, 7
2024/10/31, 51, 16, 19, 7
2024/11/1, 53, 17, 15, 7
2024/11/2, 55, 13, 17, 4
2024/11/3, 46, 21, 14, 7
2024/11/4, 64, 25, 11, 7
2024/11/5, 72, 21, 14, 8
2024/11/6, 64, 18, 11, 10
2024/11/7, 54, 29, 12, 10
2024/11/8, 78, 27, 11, 9
2024/11/9, 78, 25, 12, 7
2024/11/10, 75, 16, 16, 11
2024/11/11, 47, 15, 22, 7
2024/11/12, 39, 20, 13, 11
2024/11/13, 58, 14, 19, 8
2024/11/14, 44, 17, 12, 9
2024/11/15, 51, 13, 20, 5
2024/11/16, 44, 8, 23, 5
2024/11/17, 22, 10, 16, 9
2024/11/18, 31, 8, 22, 8
2024/11/19, 28, 8, 20, 12
2024/11/20, 24, 9, 24, 14
2024/11/21, 25, 8, 24, 9
2024/11/22, 21, 7, 23, 5
2024/11/23, 23, 9, 30, 1
2024/11/24, 23, 9, 28, 3
2024/11/25, 20, 11, 23, 13
2024/11/26, 29, 13, 23, 13
2024/11/27, 42, 12, 3, 20
2024/11/28, 43, 11, 17, 10
2024/11/29, 36, 12, 19, 6
2024/11/30, 35, 9, 23, 3
2024/12/1, 25, 5, 23, 4
2024/12/2, 12, 12, 12, 13
2024/12/3, 38, 13, 24, 10
2024/12/4, 48, 7, 29, 3
2024/12/5, 20, 13, 26, 6
2024/12/6, 26, 7, 30, 1
2024/12/7, 16, 4, 27, 
2024/12/8, 10, 7, 22, 2
2024/12/9, 17, 10, 27, 2
2024/12/10, 21, 8, 28, 3
2024/12/11, 17, 8, 22, 7
2024/12/12, 26, 8, 21, 8
2024/12/13, 30, 11, 22, 6
2024/12/14, 35, 4, 25, 2
2024/12/15, 12, 5, 27, 4
2024/12/16, 12, 7, 18, 5
2024/12/17, 22, 6, 28, 3
2024/12/18, 18, 6, 29, 5
2024/12/19, 14, 8, 22, 7
2024/12/20, 19, 8, 27, 1
2024/12/21, 22, 12, 31, 1
2024/12/22, 37, 15, 30, 5
2024/12/23, 36, 8, 16, 5
2024/12/24, 26, 6, 20, 2
2024/12/25, 25, 4, 17, 3
2024/12/26, 17, 4, 11, 3
2024/12/27, 16, 6, 12, 6
2024/12/28, 26, 5, 22, 3
2024/12/29, 17, , , 
2024/7/1, 17, 13, 26, 1
2024/7/2, 30, 8, 22, 3
2024/7/3, 19, 10, 26, 
2024/7/4, 18, 8, 25, 2
2024/7/5, 18, 8, 23, 3
2024/7/6, 21, 6, 23, 2
2024/7/7, 13, 6, 24, 3
2024/7/8, 12, 6, 16, 2
2024/7/9, 16, 5, 21, 1
2024/7/10, 8, 6, 19, 2
2024/7/11, 11, 9, 21, 2
2024/7/12, 22, 9, 24, 4
2024/7/13, 25, 8, 25, 4
2024/7/14, 22, 8, 26, 6
2024/7/15, 26, 9, 34, 3
2024/7/16, 20, 10, 30, 6
2024/7/17, 26, 9, 33, 5
2024/7/18, 23, 12, 40, 5
2024/7/19, 32, 9, 20, 3
2024/7/20, 20, 5, 26, 2
2024/7/21, 12, 6, 23, 2
2024/7/22, 13, 6, 33, 3
2024/7/23, 15, 8, 20, 3
2024/7/24, 21, 5, 19, 2
2024/7/25, 13, 7, 23, 2
2024/7/26, 19, 7, 25, 5
2024/7/27, 20, 8, 28, 6
2024/7/28, 23, 11, 3, 8
2024/7/29, 26, 16, 2, 6
2024/7/30, 36, 16, , 3
2024/7/31, 37, 18, 47, 6
2024/8/1, 43, 15, 28, 5
2024/8/2, 44, 10, 24, 2
2024/8/3, 27, 9, 21, 2
2024/8/4, 22, 10, 18, 2
2024/8/5, 25, 7, 24, 1
2024/8/6, 18, 9, 23, 1
2024/8/7, 20, 10, 19, 
2024/8/8, 24, 6, 21, 1
2024/8/9, 12, 10, 22, 2
2024/8/10, 26, 10, 29, 3
2024/8/11, 23, 12, 33, 2
2024/8/12, 28, 10, 29, 3
2024/8/13, 22, 10, 16, 4
2024/8/14, 25, 10, 20, 2
2024/8/15, 21, 8, 27, 5
2024/8/16, 18, 7, 23, 3
2024/8/17, 17, 12, 24, 2
2024/8/18, 35, 21, 23, 4
2024/8/19, 59, 11, 23, 1
2024/8/20, 33, 9, 22, 1
2024/8/21, 18, 10, 27, 1
2024/8/22, 22, 8, 26, 1
2024/8/23, 18, 7, 22, 2
2024/8/24, 18, 8, 25, 1
2024/8/25, 19, 17, 32, 1
2024/8/26, 49, 15, 27, 4
2024/8/27, 42, 14, 31, 6
2024/8/28, 37, 14, 25, 3
2024/8/29, 40, 16, 31, 7
2024/8/30, 50, 18, 27, 1
2024/8/31, 55, 20, 30, 2
2024/9/1, 55, 20, 27, 4
2024/9/2, 55, 11, 16, 6
2024/9/3, 31, 10, 25, 5
2024/9/4, 25, 16, 35, 2
2024/9/5, 45, 47, 43, 3
2024/9/6, 84, 43, 35, 4
2024/9/7, 90, 20, 34, 4
2024/9/8, 55, 11, 26, 3
2024/9/9, 24, 11, 22, 3
2024/9/10, 28, 7, 20, 4
2024/9/11, 14, 5, 23, 6
2024/9/12, 11, 10, 27, 11
2024/9/13, 23, 9, 30, 5
2024/9/14, 23, 8, 20, 3
2024/9/15, 23, 8, 22, 6
2024/9/16, 21, 8, 28, 5
2024/9/17, 18, 13, 30, 3
2024/9/18, 28, 24, 34, 2
2024/9/19, 55, 33, 35, 3
2024/9/20, 74, 31, 35, 3
2024/9/21, 72, 20, 31, 2
2024/9/22, 59, 16, 29, 4
2024/9/23, 54, 13, 30, 5
2024/9/24, 41, 7, 27, 6
2024/9/25, 18, 6, 26, 6
2024/9/26, 15, 6, 26, 5
2024/9/27, 12, 8, 22, 7
2024/9/28, 17, 7, 27, 5
2024/9/29, 19, 4, 22, 5
2024/9/30, 10, 6, 21, 5
2024/4/1, 27, 6, 32, 5
2024/4/2, 15, 4, 29, 3
2024/4/3, 10, 5, 28, 7
2024/4/4, 15, , 32, 2
2024/4/10, 5, 3, 27, 2
2024/4/11, 6, 9, 29, 2
2024/4/12, 24, 10, 29, 2
2024/4/13, 29, 8, 35, 2
2024/4/14, 19, 7, 35, 1
2024/4/15, 14, 8, 34, 3
2024/4/16, 21, 7, 34, 3
2024/4/17, 15, 8, 30, 5
2024/4/18, 17, 5, 31, 3
2024/4/19, 14, 9, 33, 6
2024/4/20, 22, 10, 35, 1
2024/4/21, 25, 11, 22, 8
2024/4/22, 31, 11, 31, 4
2024/4/23, 38, 11, 36, 6
2024/4/24, 26, 14, 32, 8
2024/4/25, 36, 10, 37, 4
2024/4/26, 28, 7, 35, 2
2024/4/27, 22, 6, 33, 3
2024/4/28, 19, 7, 32, 3
2024/4/29, 21, 7, 39, 3
2024/4/30, 21, 18, 33, 4
2024/5/1, 53, 35, 33, 5
2024/5/2, 80, 28, 31, 4
2024/5/3, 65, 6, 35, 5
2024/5/4, 19, 7, 40, 6
2024/5/5, 22, 10, 38, 3
2024/5/6, 32, 19, 29, 4
2024/5/7, 60, 15, 40, 5
2024/5/8, 50, 15, 41, 8
2024/5/9, 40, 21, 45, 8
2024/5/10, 57, 22, 47, 3
2024/5/11, 62, 23, 50, 4
2024/5/12, 64, 19, 30, 3
2024/5/13, 56, 13, 26, 3
2024/5/14, 47, 11, 33, 4
2024/5/15, 33, 12, 14, 8
2024/5/16, 40, 11, 32, 6
2024/5/17, 38, 21, 36, 4
2024/5/18, 62, 23, 48, 3
2024/5/19, 53, 21, 40, 2
2024/5/20, 54, 15, 29, 4
2024/5/21, 45, 12, 24, 4
2024/5/22, 42, 5, 24, 1
2024/5/23, 12, 9, 27, 4
2024/5/24, 22, 11, 35, 5
2024/5/25, 33, 8, 29, 2
2024/5/26, 26, 6, 32, 2
2024/5/27, 15, 6, 23, 3
2024/5/28, 15, 6, 28, 2
2024/5/29, 14, 7, 27, 2
2024/5/30, 17, 15, 28, 3
2024/5/31, 42, 15, 30, 4
2024/6/1, 49, 13, 37, 3
2024/6/2, 39, 9, 21, 4
2024/6/3, 27, 10, 23, 4
2024/6/4, 28, 14, 26, 3
2024/6/5, 38, 15, 26, 3
2024/6/6, 46, 11, 28, 2
2024/6/7, 31, 8, 30, 2
2024/6/8, 19, 7, 19, 2
2024/6/9, 17, 6, 26, 1
2024/6/10, 14, 7, 30, 3
2024/6/11, 18, 8, 31, 4
2024/6/12, 21, 8, 29, 4
2024/6/13, 20, 5, 25, 1
2024/6/14, 13, , 27, 1
2024/6/17, 18, 9, 27, 2
2024/6/18, 23, 7, 29, 1
2024/6/19, 20, 8, 38, 7
2024/6/20, 17, 10, 37, 4
2024/6/21, 23, 9, 29, 1
2024/6/22, 20, 6, 28, 1
2024/6/23, 15, 8, 29, 3
2024/6/24, 19, 11, 47, 4
2024/6/25, 28, 15, 49, 2
2024/6/26, 43, 13, 29, 1
2024/6/27, 34, 8, 25, 2
2024/6/28, 16, 8, 31, 2
2024/6/29, 19, 9, 22, 1
2024/6/30, 19, 8, 23, 3
2024/1/1, 19, 7, 29, 3
2024/1/2, 20, 7, 26, 4
2024/1/3, 17, 12, 21, 10
2024/1/4, 31, 14, 13, 10
2024/1/5, 44, 11, 13, 9
2024/1/6, 37, 10, 27, 3
2024/1/7, 32, 10, 27, 4
2024/1/8, 22, 11, 28, 3
2024/1/9, 24, 8, 25, 5
2024/1/10, 19, 6, 27, 3
2024/1/11, 17, 11, 27, 5
2024/1/12, 34, 17, 18, 9
2024/1/13, 59, 11, 21, 8
2024/1/14, 39, 13, 25, 14
2024/1/15, 26, 16, 20, 10
2024/1/16, 37, 16, 19, 14
2024/1/17, 38, 18, 17, 22
2024/1/18, 47, 12, 17, 14
2024/1/19, 39, 10, 26, 5
2024/1/20, 29, 13, 30, 1
2024/1/21, 34, 11, 31, 1
2024/1/22, 28, 12, 33, 3
2024/1/23, 30, 19, 33, 4
2024/1/24, 47, 15, 22, 7
2024/1/25, 41, 11, 30, 5
2024/1/26, 24, 14, 19, 8
2024/1/27, 33, 12, 17, 6
2024/1/28, 35, 25, 17, 7
2024/1/29, 59, 20, 24, 10
2024/1/30, 49, 12, 30, 9
2024/1/31, 40, 16, 26, 11
2024/2/1, 36, 11, 25, 2
2024/2/2, 28, 4, 26, 1
2024/2/3, 10, 9, 26, 1
2024/2/4, 18, 19, 28, 1
2024/2/5, 40, 15, 26, 2
2024/2/6, 33, 15, 20, 14
2024/2/7, 35, 15, 16, 10
2024/2/8, 43, 6, 25, 7
2024/2/9, 21, 9, 18, 9
2024/2/10, 31, 13, 19, 8
2024/2/11, 50, 9, 28, 5
2024/2/12, 24, 6, 26, 7
2024/2/13, 14, 5, 25, 3
2024/2/14, 14, 8, 18, 5
2024/2/15, 19, 7, 26, 4
2024/2/16, 17, 8, 26, 5
2024/2/17, 23, 6, 25, 4
2024/2/18, 18, 12, 27, 4
2024/2/19, 30, 14, 26, 4
2024/2/20, 37, 8, 28, 3
2024/2/21, 20, 10, 29, 5
2024/2/22, 26, 6, 26, 7
2024/2/23, 15, 11, 25, 14
2024/2/24, 39, 12, 29, 7
2024/2/25, 47, 7, 30, 4
2024/2/26, 22, 10, 20, 10
2024/2/27, 35, 11, 29, 9
2024/2/28, 36, 11, 28, 7
2024/2/29, 24, 9, 30, 6
2024/3/1, 19, 5, 28, 5
2024/3/2, 19, 11, 28, 12
2024/3/3, 43, 12, 32, 8
2024/3/4, 44, 15, 27, 12
2024/3/5, 35, 23, , 13
2024/3/6, 64, 26, , 6
2024/3/7, 77, 30, 23, 4
2024/3/8, 82, 30, 27, 4
2024/3/9, 82, 23, 19, 4
2024/3/10, 70, 27, 20, 6
2024/3/11, 78, 16, 19, 5
2024/3/12, 54, 5, 25, 2
2024/3/13, 13, 8, 26, 3
2024/3/14, 23, 7, 28, 2
2024/3/15, 20, 7, 23, 4
2024/3/16, 23, 9, 27, 2
2024/3/17, 30, 8, 26, 4
2024/3/18, 20, 7, 26, 5
2024/3/19, 16, 7, 19, 4
2024/3/20, 19, 17, 23, 5
2024/3/21, 55, 11, 28, 3
2024/3/22, 31, 8, 29, 1
2024/3/23, 20, 9, 29, 6
2024/3/24, 24, 10, 28, 5
2024/3/25, 28, 14, 29, 6
2024/3/26, 44, 8, 34, 4
2024/3/27, 24, 4, 34, 3
2024/3/28, 12, 5, 32, 4
2024/3/29, 13, 10, 35, 7
2024/3/30, 25, 10, 30, 5
2024/3/31, 37, 8, 33, 3
2023/10/1, 17, 10, 18, 6
2023/10/2, 26, 8, 24, 2
2023/10/3, 21, 9, 24, 2
2023/10/4, 18, 9, 24, 3
2023/10/5, 19, 8, 22, 2
2023/10/6, 21, 13, 24, 3
2023/10/7, 30, 12, 27, 7
2023/10/8, 31, 18, 20, 11
2023/10/9, 39, 19, 26, 7
2023/10/10, 49, 20, 25, 3
2023/10/11, 44, 14, 16, 6
2023/10/12, 33, 10, 24, 4
2023/10/13, 24, 7, 22, 4
2023/10/14, 16, 7, 24, 7
2023/10/15, 19, 11, 18, 8
2023/10/16, 30, 10, 24, 5
2023/10/17, 25, 12, 17, 6
2023/10/18, 35, 8, 24, 5
2023/10/19, 21, 5, 16, 6
2023/10/20, 14, 4, 11, 6
2023/10/21, 11, 8, 15, 7
2023/10/22, 30, 10, 14, 8
2023/10/23, 27, 13, 15, 10
2023/10/24, 37, 17, 14, 10
2023/10/25, 50, 17, 14, 10
2023/10/26, 54, 10, 14, 10
2023/10/27, 32, 10, 22, 4
2023/10/28, 26, 9, 20, 5
2023/10/29, 20, 11, 21, 9
2023/10/30, 26, 14, 11, 12
2023/10/31, 42, 9, 25, 4
2023/11/1, 22, 6, 23, 4
2023/11/2, 14, 6, 22, 4
2023/11/3, 15, 19, 19, 9
2023/11/4, 48, 18, 19, 4
2023/11/5, 57, 11, 23, 3
2023/11/6, 34, 10, 19, 5
2023/11/7, 24, 12, 22, 8
2023/11/8, 29, 11, 23, 6
2023/11/9, 26, 8, 19, 9
2023/11/10, 21, 15, 17, 11
2023/11/11, 41, 15, 14, 10
2023/11/12, 50, 11, 28, 2
2023/11/13, 32, 13, 25, 4
2023/11/14, 33, 10, 25, 4
2023/11/15, 22, 17, 11, 13
2023/11/16, 44, 14, 16, 11
2023/11/17, 40, 12, 25, 2
2023/11/18, 30, 12, 28, 1
2023/11/19, 34, 10, 23, 5
2023/11/20, 25, 7, 15, 6
2023/11/21, 19, 10, 18, 8
2023/11/22, 32, 7, 27, 2
2023/11/23, 14, 13, 26, 6
2023/11/24, 30, 18, 14, 15
2023/11/25, 48, 24, 4, 13
2023/11/26, 72, 12, 15, 8
2023/11/27, 44, 11, 15, 11
2023/11/28, 32, 16, 14, 15
2023/11/29, 47, 15, 13, 11
2023/11/30, 50, 14, 6, 13
2023/12/1, 49, 13, 4, 12
2023/12/2, 51, 13, 6, 13
2023/12/3, 51, 11, 19, 7
2023/12/4, 41, 9, 15, 7
2023/12/5, 30, 12, 5, 15
2023/12/6, 41, 10, 18, 6
2023/12/7, 35, 12, 22, 8
2023/12/8, 31, 12, 33, 2
2023/12/9, 29, 13, 31, 2
2023/12/10, 33, 10, 31, 10
2023/12/11, 28, 11, 16, 11
2023/12/12, 29, 8, 16, 5
2023/12/13, 26, 11, 9, 15
2023/12/14, 33, 14, 14, 9
2023/12/15, 40, 9, 22, 3
2023/12/16, 24, 7, 26, 1
2023/12/17, 19, 8, 26, 2
2023/12/18, 19, 7, 22, 7
2023/12/19, 16, 5, 24, 2
2023/12/20, 14, 6, 30, 1
2023/12/21, 14, 6, 30, 2
2023/12/22, 14, 3, 29, 1
2023/12/23, 10, 2, 28, 
2023/12/24, 5, 3, 27, 1
2023/12/25, 8, 9, 27, 7
2023/12/26, 25, 9, 28, 2
2023/12/27, 26, 11, 31, 1
2023/12/28, 30, 11, 28, 2
2023/12/29, 27, 7, 28, 3
2023/12/30, 17, 5, 29, 2
2023/12/31, 12, 8, 27, 2
2023/7/1, 30, 15, 26, 5
2023/7/2, 42, 10, 22, 4
2023/7/3, 22, 9, 20, 9
2023/7/4, 19, 7, 24, 8
2023/7/5, 18, 8, 29, 9
2023/7/6, 17, 10, 38, 9
2023/7/7, 21, 12, 38, 9
2023/7/8, 30, 13, 26, 8
2023/7/9, 26, 10, 23, 10
2023/7/10, 20, 9, 19, 6
2023/7/11, 19, 8, 27, 5
2023/7/12, 16, 8, 27, 8
2023/7/13, 19, 8, 19, 10
2023/7/14, 20, 10, 23, 4
2023/7/15, 18, 8, 22, 2
2023/7/16, 16, 8, 21, 6
2023/7/17, 17, 8, 17, 18
2023/7/18, 16, 7, 26, 9
2023/7/19, 16, 9, 22, 13
2023/7/20, 22, 11, 18, 7
2023/7/21, 34, 7, 13, 2
2023/7/22, 17, 5, 24, 1
2023/7/23, 13, 6, 23, 2
2023/7/24, 13, 8, 21, 7
2023/7/25, 19, 8, 24, 5
2023/7/26, 21, 5, 16, 2
2023/7/27, 12, 6, 19, 1
2023/7/28, 13, 7, 23, 
2023/7/29, 15, 8, 21, 
2023/7/30, 18, 7, 21, 1
2023/7/31, 20, 7, 20, 1
2023/8/1, 18, 6, 24, 1
2023/8/2, 11, 7, 22, 1
2023/8/3, 15, 10, 24, 1
2023/8/4, 24, 9, 21, 3
2023/8/5, 25, 6, 26, 1
2023/8/6, 15, 6, 24, 3
2023/8/7, 13, 5, 19, 3
2023/8/8, 12, 7, 23, 4
2023/8/9, 15, 10, 29, 5
2023/8/10, 20, 10, 30, 2
2023/8/11, 24, 11, 22, 1
2023/8/12, 25, 8, 26, 1
2023/8/13, 17, 7, 25, 3
2023/8/14, 15, 16, 23, 4
2023/8/15, 19, 32, 31, 5
2023/8/16, 29, 19, 30, 2
2023/8/17, 26, 13, 30, 3
2023/8/18, 37, 14, 23, 1
2023/8/19, 41, 7, 23, 1
2023/8/20, 17, 8, 15, 3
2023/8/21, 20, 8, 12, 2
2023/8/22, 16, 9, 3, 5
2023/8/23, 22, 11, 24, 6
2023/8/24, 29, 8, 23, 4
2023/8/25, 15, 6, 24, 4
2023/8/26, 15, 5, 21, 3
2023/8/27, 12, 6, 23, 4
2023/8/28, 15, 8, 18, 4
2023/8/29, 19, 9, 25, 5
2023/8/30, 20, 10, 16, 7
2023/8/31, 23, 9, 21, 4
2023/9/1, 28, 14, 26, 5
2023/9/2, 43, 11, 29, 8
2023/9/3, 35, 14, 45, 6
2023/9/4, 42, 19, 48, 4
2023/9/5, 54, 21, 42, 8
2023/9/6, 56, 23, 69, 9
2023/9/7, 53, 35, 51, 12
2023/9/8, 76, 38, 45, 9
2023/9/9, 63, 34, 33, 8
2023/9/10, 67, 20, 30, 3
2023/9/11, 51, 7, 19, 4
2023/9/12, 18, 10, 27, 6
2023/9/13, 21, 9, 15, 6
2023/9/14, 25, 9, 31, 8
2023/9/15, 26, 20, 36, 4
2023/9/16, 57, 16, 35, 2
2023/9/17, 50, 13, 23, 2
2023/9/18, 42, 7, 22, 1
2023/9/19, 16, 8, 24, 2
2023/9/20, 20, 8, 21, 6
2023/9/21, 16, 7, 21, 5
2023/9/22, 17, 7, 26, 3
2023/9/23, 17, 8, 26, 1
2023/9/24, 20, 12, 27, 5
2023/9/25, 28, 11, 25, 4
2023/9/26, 31, 10, 23, 4
2023/9/27, 25, 14, 24, 4
2023/9/28, 32, 11, 23, 6
2023/9/29, 25, 10, 22, 4
2023/9/30, 24, 7, 20, 1
2023/4/1, 21, 10, 33, 2
2023/4/2, 26, 10, 31, 5
2023/4/3, 27, 17, 31, 12
2023/4/4, 44, 19, 27, 7
2023/4/5, 53, 10, 35, 3
2023/4/6, 33, 10, 36, 7
2023/4/7, 24, 13, 37, 6
2023/4/8, 42, 19, 35, 3
2023/4/9, 62, 12, 34, 2
2023/4/10, 41, 9, 37, 2
2023/4/11, 19, 7, 34, 3
2023/4/12, 15, 8, 35, 2
2023/4/13, 16, 7, 28, 5
2023/4/14, 15, 13, 31, 7
2023/4/15, 46, 15, 33, 6
2023/4/16, 45, 17, 31, 4
2023/4/17, 42, 20, 45, 1
2023/4/18, 58, 24, 39, 2
2023/4/19, 62, 16, 42, 2
2023/4/20, 41, 18, 34, 6
2023/4/21, 48, 25, 37, 4
2023/4/22, 75, 17, 30, 4
2023/4/23, 57, 12, 32, 4
2023/4/24, 39, 14, 37, 7
2023/4/25, 33, 15, 34, 6
2023/4/26, 41, 21, 30, 7
2023/4/27, 60, 20, 31, 7
2023/4/28, 64, 20, 29, 8
2023/4/29, 61, 19, 26, 5
2023/4/30, 60, 13, 31, 2
2023/5/1, 44, 11, 28, 3
2023/5/2, 32, 11, 31, 4
2023/5/3, 34, 19, 35, 4
2023/5/4, 52, 11, 29, 5
2023/5/5, 29, 10, 23, 4
2023/5/6, 28, 9, 28, 2
2023/5/7, 30, 8, 20, 4
2023/5/8, 23, 9, 23, 6
2023/5/9, 23, 10, 22, 6
2023/5/10, 26, 7, 27, 4
2023/5/11, 17, 11, 30, 3
2023/5/12, 37, 14, 28, 3
2023/5/13, 44, 17, 29, 4
2023/5/14, 56, 9, 33, 2
2023/5/15, 24, 13, 35, 3
2023/5/16, 29, 13, 34, 5
2023/5/17, 34, 15, 37, 8
2023/5/18, 39, 16, 28, 4
2023/5/19, 44, 13, 37, 2
2023/5/20, 40, 11, 40, 2
2023/5/21, 30, 12, 39, 3
2023/5/22, 28, 14, 33, 4
2023/5/23, 36, 19, 40, 3
2023/5/24, 45, 16, 33, 2
2023/5/25, 39, 14, 35, 2
2023/5/26, 36, 15, 41, 4
2023/5/27, 42, 14, 32, 2
2023/5/28, 35, 13, 32, 1
2023/5/29, 29, 13, 29, 1
2023/5/30, 33, 9, 28, 1
2023/5/31, 23, 10, 34, 1
2023/6/1, 30, 13, 33, 1
2023/6/2, 31, 14, 31, 1
2023/6/3, 33, 10, 32, 1
2023/6/4, 28, 10, 30, 
2023/6/5, 27, 9, 29, 1
2023/6/6, 24, 10, 33, 1
2023/6/7, 25, 12, 33, 
2023/6/8, 28, 17, 36, 1
2023/6/9, 40, 23, 60, 1
2023/6/10, 60, 25, 65, 2
2023/6/11, 58, 26, 51, 3
2023/6/12, 65, 25, 56, 2
2023/6/13, 55, 22, 50, 1
2023/6/14, 43, 21, 49, 2
2023/6/15, 47, 19, 51, 4
2023/6/16, 40, 18, 53, 4
2023/6/17, 42, 18, 37, 5
2023/6/18, 50, 13, 32, 4
2023/6/19, 39, 9, 27, 7
2023/6/20, 24, 8, 31, 7
2023/6/21, 21, 11, 34, 18
2023/6/22, 29, 11, 27, 17
2023/6/23, 29, 9, 22, 6
2023/6/24, 23, 10, 44, 7
2023/6/25, 22, 9, 27, 5
2023/6/26, 16, 13, 22, 8
2023/6/27, 31, 12, 21, 7
2023/6/28, 37, 10, 28, 7
2023/6/29, 25, 9, 15, 9
2023/6/30, 18, 12, 29, 4
2023/1/2, 39, 11, 29, 6
2023/1/3, 39, 8, 29, 1
2023/1/4, 23, 12, 28, 4
2023/1/5, 33, 6, 29, 5
2023/1/6, 15, 6, 29, 2
2023/1/7, 15, 8, 28, 3
2023/1/8, 21, 9, 25, 3
2023/1/9, 21, 12, 29, 3
2023/1/10, 28, 8, 30, 3
2023/1/11, 20, 9, 29, 2
2023/1/12, 25, 11, 31, 2
2023/1/13, 30, 8, 28, 2
2023/1/14, 20, 7, 30, 3
2023/1/15, 18, 13, 20, 10
2023/1/16, 38, 14, 16, 15
2023/1/17, 41, 10, 19, 6
2023/1/18, 24, 9, 20, 12
2023/1/19, 27, 11, 23, 9
2023/1/20, 33, 16, 2, 11
2023/1/21, 53, , 6, 12
2023/1/23, 66, 33, 2, 23
2023/1/24, 89, 18, 21, 6
2023/1/25, 61, 11, 18, 5
2023/1/26, 38, 14, 22, 7
2023/1/27, 35, 17, 15, 9
2023/1/28, 52, 11, 23, 2
2023/1/29, 40, 13, 27, 6
2023/1/30, 28, 15, 28, 3
2023/1/31, 32, 14, 27, 2
2023/2/1, 31, 9, 28, 2
2023/2/2, 19, 8, 26, 4
2023/2/3, 13, 10, 24, 4
2023/2/4, 25, 18, 25, 10
2023/2/5, 40, 26, 16, 18
2023/2/6, 66, 28, 17, 19
2023/2/7, 69, 28, 16, 16
2023/2/8, 77, 30, 25, 16
2023/2/9, 66, 23, 19, 13
2023/2/10, 52, 14, 23, 9
2023/2/11, 34, 19, 22, 10
2023/2/12, 55, 20, 22, 4
2023/2/13, 60, , , 
2023/2/16, 25, 8, 27, 2
2023/2/17, 23, 6, 29, 1
2023/2/18, 14, 8, 29, 2
2023/2/19, 17, 7, 26, 2
2023/2/20, 15, 9, 24, 5
2023/2/21, 24, 15, 25, 5
2023/2/22, 52, 14, 27, 7
2023/2/23, 32, 13, 27, 5
2023/2/24, 30, 11, 28, 2
2023/2/25, 25, 12, 29, 4
2023/2/26, 28, 11, 26, 5
2023/2/27, 33, 8, 27, 4
2023/2/28, 26, 6, 28, 3
2023/3/1, 20, 9, 29, 3
2023/3/2, 24, 11, 31, 4
2023/3/3, 34, 14, 31, 3
2023/3/4, 42, 18, 25, 4
2023/3/5, 56, 9, 25, 6
2023/3/6, 27, 18, 26, 13
2023/3/7, 36, 18, 28, 10
2023/3/8, 51, 6, 29, 6
2023/3/9, 23, 9, 31, 9
2023/3/10, 27, 13, 27, 11
2023/3/11, 42, 13, 28, 3
2023/3/12, 38, 11, 32, 2
2023/3/13, 31, 8, 30, 5
2023/3/14, 19, 8, 23, 11
2023/3/15, 25, 8, 25, 6
2023/3/16, 21, 8, 27, 8
2023/3/17, 22, 8, 29, 5
2023/3/18, 25, 8, 28, 4
2023/3/19, 18, 7, 26, 5
2023/3/20, 20, 6, 32, 4
2023/3/21, 15, 14, 35, 3
2023/3/22, 30, 12, 34, 4
2023/3/23, 30, 12, 33, 2
2023/3/24, 27, 10, 33, 3
2023/3/25, 23, 10, 31, 3
2023/3/26, 26, 11, 30, 9
2023/3/27, 24, 9, 25, 7
2023/3/28, 23, 7, 25, 6
2023/3/29, 23, 10, 34, 3
2023/3/30, 26, 7, 31, 5
2023/3/31, 18, 6, 27, 2
2022/10/1, 19, 10, 23, 6
2022/10/2, 23, 10, 19, 8
2022/10/3, 26, 7, 22, 3
2022/10/4, 17, 6, 23, 2
2022/10/5, 13, 10, 23, 3
2022/10/6, 20, 8, 23, 2
2022/10/7, 19, 9, 21, 7
2022/10/8, 21, 11, 23, 5
2022/10/9, 35, 11, 24, 6
2022/10/10, 24, 15, 17, 9
2022/10/11, 39, 13, 24, 6
2022/10/12, 39, 12, 21, 8
2022/10/13, 35, 12, 20, 7
2022/10/14, 39, 9, 27, 2
2022/10/15, 22, 8, 26, 1
2022/10/16, 18, 10, 25, 3
2022/10/17, 21, 11, 23, 7
2022/10/18, 25, 10, 21, 3
2022/10/19, 24, 24, 13, 10
2022/10/20, 57, 13, 11, 6
2022/10/21, 37, , , 
2022/10/23, 25, 7, 23, 3
2022/10/24, 16, 8, 19, 5
2022/10/25, 18, 12, 27, 3
2022/10/26, 27, 14, 17, 5
2022/10/27, 37, 14, 28, 5
2022/10/28, 31, 11, 22, 4
2022/10/29, 27, 12, 23, 2
2022/10/30, 27, 11, 21, 4
2022/10/31, 30, 9, 25, 2
2022/11/1, 21, 9, 27, 3
2022/11/2, 19, 11, 23, 10
2022/11/3, 26, 18, 18, 15
2022/11/4, 51, 21, 18, 6
2022/11/5, 62, 18, 22, 6
2022/11/6, 58, 12, 29, 4
2022/11/7, 34, 10, 30, 4
2022/11/8, 23, 9, 23, 5
2022/11/9, 21, 8, 25, 2
2022/11/10, 18, 6, 25, 4
2022/11/11, 17, 13, 19, 8
2022/11/12, 41, 18, 11, 7
2022/11/13, 56, 20, 14, 11
2022/11/14, 64, 10, 22, 6
2022/11/15, 31, 6, 21, 7
2022/11/16, 13, 5, 23, 4
2022/11/17, 15, 6, 22, 4
2022/11/18, 15, 13, 18, 10
2022/11/19, 30, 12, 21, 4
2022/11/20, 32, 10, 23, 8
2022/11/21, 24, 9, 22, 11
2022/11/22, 29, 10, 25, 5
2022/11/23, 31, 12, 25, 6
2022/11/24, 28, 12, 26, 6
2022/11/25, 29, 12, 26, 5
2022/11/26, 30, 18, 23, 8
2022/11/27, 42, 18, 14, 10
2022/11/28, 50, 15, 13, 7
2022/11/29, 53, 17, 13, 7
2022/11/30, 56, 19, 16, 6
2022/12/1, 60, 20, 10, 9
2022/12/2, 63, 13, 15, 4
2022/12/3, 43, 13, 16, 3
2022/12/4, 42, 12, 14, 5
2022/12/5, 40, 11, 17, 9
2022/12/6, 31, 14, 8, 20
2022/12/7, 46, 15, 9, 23
2022/12/8, 47, 20, 4, 22
2022/12/9, 61, 20, 12, 15
2022/12/10, 63, 22, 14, 11
2022/12/11, 71, 22, 13, 10
2022/12/12, 71, 23, 12, 12
2022/12/13, 72, 25, 11, 15
2022/12/14, 75, 19, 8, 19
2022/12/15, 58, 27, 6, 20
2022/12/16, 75, 22, 9, 15
2022/12/17, 67, 19, 13, 7
2022/12/18, 62, 7, 22, 3
2022/12/19, 22, 11, 24, 7
2022/12/20, 26, 12, 22, 8
2022/12/21, 30, 9, 13, 10
2022/12/22, 33, 15, 19, 9
2022/12/23, 50, 12, 27, 6
2022/12/24, 32, 9, 24, 3
2022/12/25, 26, 7, 27, 2
2022/12/26, 17, 7, 28, 3
2022/12/27, 20, 7, 30, 2
2022/12/28, 21, 9, 29, 2
2022/12/29, 24, 10, 29, 3
2022/12/30, 23, 8, 28, 3
2022/12/31, 20, 11, 30, 2
2023/1/1, 26, 12, 20, 10
2022/7/1, 15, 6, 19, 2
2022/7/2, 12, 6, 21, 2
2022/7/3, 13, 6, 24, 3
2022/7/4, 11, 7, 24, 4
2022/7/5, 14, 8, 16, 3
2022/7/6, 14, 11, 29, 2
2022/7/7, 20, 11, 30, 3
2022/7/8, 30, 8, 30, 3
2022/7/9, 20, 7, 41, 4
2022/7/10, 17, 9, 49, 5
2022/7/11, 19, 11, 34, 4
2022/7/12, 20, 11, 32, 3
2022/7/13, 24, 11, 26, 4
2022/7/14, 19, 9, 24, 4
2022/7/15, 17, 10, 44, 5
2022/7/16, 24, 14, 48, 7
2022/7/17, 39, 16, 56, 8
2022/7/18, 30, 29, 66, 9
2022/7/19, 51, 30, 41, 4
2022/7/20, 66, 14, 22, 3
2022/7/21, 29, 10, 26, 6
2022/7/22, 25, 13, 24, 4
2022/7/23, 37, 10, 20, 1
2022/7/24, 21, 9, 25, 1
2022/7/25, 18, 9, 26, 3
2022/7/26, 20, 13, 31, 6
2022/7/27, 28, 11, 34, 4
2022/7/28, 22, 13, 42, 6
2022/7/29, 26, 12, 26, 4
2022/7/30, 27, 6, 25, 1
2022/7/31, 14, 7, 33, 3
2022/8/1, 14, 8, 15, 1
2022/8/2, 12, 7, 25, 1
2022/8/3, 14, 8, 28, 2
2022/8/4, 17, 8, 25, 3
2022/8/5, 17, 11, 32, 4
2022/8/6, 34, 8, 33, 3
2022/8/7, 21, 11, 41, 4
2022/8/8, 23, 16, 52, 8
2022/8/9, 34, 15, 47, 7
2022/8/10, 27, 15, 42, 5
2022/8/11, 24, 19, 64, 4
2022/8/12, 31, 21, 69, 2
2022/8/13, 37, 21, 69, 3
2022/8/14, 46, 23, 52, 9
2022/8/15, 46, 22, 43, 5
2022/8/16, 57, 12, 27, 2
2022/8/17, 33, 14, 30, 3
2022/8/18, 35, 9, 24, 2
2022/8/19, 20, 10, 25, 2
2022/8/20, 22, 10, 26, 3
2022/8/21, 24, 9, 23, 6
2022/8/22, 21, 7, 22, 3
2022/8/23, 15, 7, 14, 5
2022/8/24, 16, 9, 19, 7
2022/8/25, 23, 10, 25, 10
2022/8/26, 23, 12, 33, 5
2022/8/27, 32, 8, 28, 3
2022/8/28, 17, 7, 25, 2
2022/8/29, 16, 8, 29, 1
2022/8/30, 15, 10, 31, 1
2022/8/31, 22, 10, 35, 1
2022/9/1, 19, 15, 28, 5
2022/9/2, 28, 22, 39, 5
2022/9/3, 62, 13, 27, 2
2022/9/4, 38, 10, 29, 4
2022/9/5, 23, 9, 25, 5
2022/9/6, 24, 10, 24, 3
2022/9/7, 24, 9, 22, 4
2022/9/8, 22, 12, 23, 7
2022/9/9, 37, 9, 25, 6
2022/9/10, 24, 10, 30, 6
2022/9/11, 32, 11, 26, 7
2022/9/12, 37, 9, 22, 7
2022/9/13, 20, 13, 24, 7
2022/9/14, 35, 9, 23, 4
2022/9/15, 21, 7, 26, 5
2022/9/16, 12, 6, 24, 6
2022/9/17, 12, 5, 25, 2
2022/9/18, 10, 5, 22, 5
2022/9/19, 15, 11, 24, 10
2022/9/20, 33, 11, 26, 12
2022/9/21, 30, 12, 29, 9
2022/9/22, 34, 10, 23, 4
2022/9/23, 33, 7, 19, 5
2022/9/24, 19, 8, 24, 4
2022/9/25, 20, 8, 22, 3
2022/9/26, 18, 9, 24, 4
2022/9/27, 16, 8, 21, 6
2022/9/28, 17, 6, 19, 6
2022/9/29, 18, 9, 19, 6
2022/9/30, 27, 9, 21, 2
2022/4/1, 17, 10, 33, 8
2022/4/2, 34, 13, 32, 8
2022/4/3, 46, 6, 29, 3
2022/4/4, 21, 6, 32, 2
2022/4/5, 14, 5, 30, 2
2022/4/6, 12, 7, 30, 3
2022/4/7, 16, 7, 31, 6
2022/4/8, 16, 7, 30, 5
2022/4/9, 14, 8, 33, 8
2022/4/10, 21, 13, 33, 6
2022/4/11, 36, 21, 22, 9
2022/4/12, 59, 12, 26, 7
2022/4/13, 35, 8, 29, 8
2022/4/14, 23, 12, 34, 8
2022/4/15, 33, 17, 36, 6
2022/4/16, 52, 22, 39, 4
2022/4/17, 67, 10, 35, 2
2022/4/18, 30, 10, 33, 5
2022/4/19, 26, 16, 39, 2
2022/4/20, 47, 15, 41, 3
2022/4/21, 39, 17, 36, 2
2022/4/22, 47, 19, 37, 2
2022/4/23, 52, 16, 39, 1
2022/4/24, 47, 11, 32, 3
2022/4/25, 29, 12, 33, 3
2022/4/26, 34, 11, 35, 4
2022/4/27, 28, 12, 32, 3
2022/4/28, 32, 14, 34, 4
2022/4/29, 37, 14, 37, 7
2022/4/30, 42, 12, 32, 4
2022/5/1, 38, 22, 26, 5
2022/5/2, 68, 20, 24, 5
2022/5/3, 62, 14, 23, 4
2022/5/4, 48, 9, 16, 7
2022/5/5, 27, 14, , 
2022/5/6, 40, , , 
2022/5/9, 35, 12, 31, 2
2022/5/10, 36, 13, 26, 4
2022/5/11, 31, 9, 30, 2
2022/5/12, 28, 14, 35, 2
2022/5/13, 31, 16, 38, 5
2022/5/14, 42, 18, 37, 5
2022/5/15, 50, 16, 30, 4
2022/5/16, 50, 11, 31, 4
2022/5/17, 30, 9, 32, 3
2022/5/18, 20, 8, 36, 4
2022/5/19, 20, 9, 32, 4
2022/5/20, 24, 10, 27, 3
2022/5/21, 25, 8, 29, 3
2022/5/22, 18, 5, 25, 4
2022/5/23, 11, 5, 25, 3
2022/5/24, 9, 6, 25, 3
2022/5/25, 11, 7, 20, 2
2022/5/26, 15, 10, 31, 3
2022/5/27, 21, 9, 29, 2
2022/5/28, 19, 6, 28, 2
2022/5/29, 14, 7, 26, 4
2022/5/30, 17, 6, 27, 5
2022/5/31, 17, 8, 27, 7
2022/6/1, 22, 11, 39, 6
2022/6/2, 36, 13, 39, 3
2022/6/3, 41, 11, 33, 1
2022/6/4, 32, 8, 29, 2
2022/6/5, 21, 8, 24, 5
2022/6/6, 25, 11, 31, 6
2022/6/7, 38, 7, 25, 2
2022/6/8, 15, 10, 21, 2
2022/6/9, 22, 15, 29, 2
2022/6/10, 37, 13, 29, 1
2022/6/11, 32, 11, 29, 1
2022/6/12, 27, 9, 29, 4
2022/6/13, 22, 10, 38, 4
2022/6/14, 24, 13, 45, 10
2022/6/15, 35, 14, 44, 6
2022/6/16, 33, 22, 49, 5
2022/6/17, 39, 16, 24, 3
2022/6/18, 33, 11, 23, 3
2022/6/19, 26, 10, 34, 5
2022/6/20, 24, 11, 50, 7
2022/6/21, 28, 13, 42, 6
2022/6/22, 33, 12, 38, 9
2022/6/23, 30, 16, 33, 4
2022/6/24, 46, 10, 29, 2
2022/6/25, 22, 9, 28, 1
2022/6/26, 18, 8, 24, 3
2022/6/27, 19, 10, 26, 3
2022/6/28, 20, 8, 22, 3
2022/6/29, 18, 6, 24, 4
2022/6/30, 14, 7, 25, 2
2022/1/3, 32, 10, 23, 6
2022/1/4, 26, 10, 25, 13
2022/1/5, 27, 13, 25, 14
2022/1/6, 43, 8, 27, 7
2022/1/7, 22, 8, 27, 7
2022/1/8, 23, 10, 26, 9
2022/1/9, 33, 15, 15, 15
2022/1/10, 51, 15, 16, 11
2022/1/11, 46, 18, 9, 18
2022/1/12, 55, 22, 5, 18
2022/1/13, 63, 28, 5, 22
2022/1/14, 78, 34, 5, 19
2022/1/15, 95, 25, 22, 9
2022/1/16, 74, 19, 21, 17
2022/1/17, 50, 24, 10, 19
2022/1/18, 70, 19, 24, 8
2022/1/19, 60, 14, 22, 13
2022/1/20, 36, 14, 29, 16
2022/1/21, 39, 10, 27, 4
2022/1/22, 31, 12, 24, 5
2022/1/23, 43, 23, 21, 6
2022/1/24, 71, 30, 13, 9
2022/1/25, 83, 26, 22, 7
2022/1/26, 74, 14, 27, 7
2022/1/27, 41, 10, 17, 12
2022/1/28, 32, 10, 30, 2
2022/1/29, 26, 14, 31, 7
2022/1/30, 34, 11, 32, 4
2022/1/31, 25, 7, 28, 4
2022/2/1, 16, 5, 23, 6
2022/2/2, 13, 8, 31, 4
2022/2/3, 22, 6, 30, 4
2022/2/4, 14, 7, 31, 2
2022/2/5, 18, 5, 31, 1
2022/2/6, 14, 10, 29, 7
2022/2/7, 23, 7, 30, 3
2022/2/8, 18, 7, 29, 6
2022/2/9, 16, 10, 28, 6
2022/2/10, 22, 14, 21, 12
2022/2/11, 32, 11, 27, 4
2022/2/12, 26, 6, 28, 3
2022/2/13, 16, 4, 26, 4
2022/2/14, 10, 7, 28, 6
2022/2/15, 19, 9, 34, 1
2022/2/16, 25, 9, 33, 2
2022/2/17, 22, 9, 31, 2
2022/2/18, 23, 7, 28, 5
2022/2/19, 17, 8, 33, 1
2022/2/20, 24, 11, 32, 2
2022/2/21, 29, 14, 32, 5
2022/2/22, 38, 10, 29, 5
2022/2/23, 25, 6, 29, 3
2022/2/24, 13, 15, 27, 10
2022/2/25, 29, 18, 28, 10
2022/2/26, 44, 11, 26, 5
2022/2/27, 33, 15, 26, 8
2022/2/28, 45, 10, 29, 4
2022/3/1, 31, 18, 23, 12
2022/3/2, 59, 34, 15, 16
2022/3/3, 93, 14, 29, 7
2022/3/4, 42, 8, 30, 3
2022/3/5, 24, 10, 30, 3
2022/3/6, 31, 10, 30, 5
2022/3/7, 32, 26, 26, 8
2022/3/8, 70, 24, 29, 6
2022/3/9, 65, 12, 26, 6
2022/3/10, 34, 12, 26, 5
2022/3/11, 43, 7, 32, 3
2022/3/12, 21, 9, 30, 3
2022/3/13, 21, 12, 29, 9
2022/3/14, 29, 17, 26, 14
2022/3/15, 44, 22, 26, 8
2022/3/16, 65, 12, 27, 6
2022/3/17, 35, 12, 30, 9
2022/3/18, 40, 13, 31, 4
2022/3/19, 44, 21, 33, 7
2022/3/20, 57, 41, 29, 16
2022/3/21, 100, 38, 22, 12
2022/3/22, 87, 40, 33, 23
2022/3/23, 88, 48, 47, 18
2022/3/24, 101, 51, 45, 12
2022/3/25, 102, 41, 42, 8
2022/3/26, 82, 21, 25, 5
2022/3/27, 63, 19, 27, 12
2022/3/28, 54, 22, 27, 8
2022/3/29, 62, 23, 34, 4
2022/3/30, 64, 8, 30, 3
2022/3/31, 26, 7, 33, 4
2021/10/1, 14, 7, 24, 5
2021/10/2, 15, 5, 23, 2
2021/10/3, 10, 7, 24, 5
2021/10/4, 17, 5, 25, 3
2021/10/5, 10, 7, 24, 6
2021/10/6, 15, 9, 14, 7
2021/10/7, 21, 11, 8, 7
2021/10/8, 32, 19, 25, 10
2021/10/9, 58, 14, 25, 5
2021/10/10, 46, 12, 20, 11
2021/10/11, 28, 11, 17, 8
2021/10/12, 29, 9, 13, 9
2021/10/13, 22, 8, 22, 5
2021/10/14, 23, 11, 25, 9
2021/10/15, 31, 14, 18, 11
2021/10/16, 40, 16, 21, 8
2021/10/17, 53, 15, 16, 7
2021/10/18, 50, 10, 18, 3
2021/10/19, 31, 4, 25, 4
2021/10/20, 10, 2, 26, 6
2021/10/21, 6, 1, 25, 7
2021/10/22, 5, , 26, 6
2021/10/25, 27, 8, 25, 5
2021/10/26, 27, 5, 30, 2
2021/10/27, 13, 7, 29, 4
2021/10/28, 19, 8, 28, 5
2021/10/29, 23, 7, 24, 5
2021/10/30, 17, 5, 28, 3
2021/10/31, 14, 2, 27, 5
2021/11/1, 7, 1, 19, 12
2021/11/2, 5, 13, 21, 12
2021/11/3, 49, 7, 18, 8
2021/11/4, 23, 22, 14, 18
2021/11/5, 66, 17, 28, 3
2021/11/6, 55, 13, 25, 4
2021/11/7, 31, 13, 15, 9
2021/11/8, 42, 9, 21, 4
2021/11/9, 28, 9, 21, 10
2021/11/10, 29, 11, 17, 10
2021/11/11, 37, 8, 22, 4
2021/11/12, 25, 8, 22, 6
2021/11/13, 20, 12, 15, 7
2021/11/14, 39, 18, 11, 10
2021/11/15, 56, 19, 11, 9
2021/11/16, 61, 15, 18, 9
2021/11/17, 39, 13, 21, 6
2021/11/18, 30, 5, 23, 7
2021/11/19, 13, 7, 27, 6
2021/11/20, 20, 8, 22, 3
2021/11/21, 18, 9, 20, 10
2021/11/22, 23, 14, 19, 14
2021/11/23, 45, 12, 20, 10
2021/11/24, 43, 11, 18, 12
2021/11/25, 30, 9, 26, 4
2021/11/26, 21, 6, 27, 1
2021/11/27, 13, 8, 25, 7
2021/11/28, 25, 14, 14, 14
2021/11/29, 50, 7, 29, 4
2021/11/30, 26, 4, 27, 5
2021/12/1, 11, 8, 19, 12
2021/12/2, 21, 13, 18, 13
2021/12/3, 38, 12, 28, 5
2021/12/4, 42, 5, 27, 4
2021/12/5, 16, 10, 21, 13
2021/12/6, 34, 10, 29, 8
2021/12/7, 28, 8, 29, 1
2021/12/8, 18, 10, 17, 13
2021/12/9, 24, 8, 27, 10
2021/12/10, 21, 10, 19, 11
2021/12/11, 30, 7, 25, 3
2021/12/12, 21, 5, 26, 7
2021/12/13, 13, 7, 20, 5
2021/12/14, 21, 12, 20, 10
2021/12/15, 33, 13, 21, 12
2021/12/16, 38, 18, 18, 12
2021/12/17, 56, 10, 21, 5
2021/12/18, 39, 7, 13, 9
2021/12/19, 27, 12, 25, 7
2021/12/20, 42, 14, 26, 8
2021/12/21, 43, 23, 8, 17
2021/12/22, 69, 21, 18, 11
2021/12/23, 65, 12, 19, 10
2021/12/24, 41, 10, 21, 3
2021/12/25, 35, 11, 12, 9
2021/12/26, 41, 11, 21, 7
2021/12/27, 37, 7, 26, 5
2021/12/28, 23, 8, 24, 4
2021/12/29, 24, 5, 90, 2
2021/12/30, 14, 7, 26, 2
2021/12/31, 22, 14, 21, 3
2022/1/1, 40, 13, 27, 3
2022/1/2, 36, 12, 28, 4
2021/7/1, 61, 25, 31, 6
2021/7/2, 67, 14, 20, 3
2021/7/3, 42, 9, 18, 2
2021/7/4, 21, 5, 24, 2
2021/7/5, 12, 2, 21, 2
2021/7/6, 6, 7, 25, 1
2021/7/7, 17, 11, 27, 4
2021/7/8, 29, 11, 27, 4
2021/7/9, 32, 9, 23, 2
2021/7/10, 23, 7, 24, 2
2021/7/11, 16, 8, 21, 3
2021/7/12, 21, 13, 31, 2
2021/7/13, 44, 11, 28, 2
2021/7/14, 35, 11, 27, 3
2021/7/15, 26, 15, 36, 5
2021/7/16, 42, 12, 37, 5
2021/7/17, 26, 12, 38, 5
2021/7/18, 30, 17, 44, 5
2021/7/19, 39, 22, 47, 6
2021/7/20, 49, 25, 44, 5
2021/7/21, 57, 25, 44, 5
2021/7/22, 59, 21, 28, 3
2021/7/23, 52, 15, 28, 1
2021/7/24, 38, 16, 35, 2
2021/7/25, 45, 21, 39, 6
2021/7/26, 55, 22, 24, 6
2021/7/27, 59, 16, 20, 3
2021/7/28, 40, 8, 21, 2
2021/7/29, 15, 8, 20, 3
2021/7/30, 21, 7, 21, 3
2021/7/31, 19, 8, 24, 2
2021/8/1, 22, 9, 25, 4
2021/8/2, 20, 13, 29, 7
2021/8/3, 38, 13, 37, 5
2021/8/4, 41, 11, 24, 4
2021/8/5, 31, 9, 22, 1
2021/8/6, 16, 8, 25, 1
2021/8/7, 18, 7, 26, 
2021/8/8, 17, 9, 21, 3
2021/8/9, 21, 11, 24, 3
2021/8/10, 29, 8, 22, 3
2021/8/11, 19, 9, 22, 2
2021/8/12, 18, 11, 20, 2
2021/8/13, 27, 10, 20, 3
2021/8/14, 30, 9, 25, 2
2021/8/15, 24, 16, 26, 3
2021/8/16, 45, 9, 22, 3
2021/8/17, 23, 7, 22, 4
2021/8/18, 16, 8, 25, 4
2021/8/19, 17, 8, 20, 5
2021/8/20, 17, 8, 16, 5
2021/8/21, 21, 9, 26, 3
2021/8/22, 22, 11, 31, 2
2021/8/23, 34, 12, 26, 3
2021/8/24, 32, 10, 22, 5
2021/8/25, 26, 13, 28, 3
2021/8/26, 37, 11, 25, 4
2021/8/27, 25, 15, 27, 6
2021/8/28, 40, 15, 28, 4
2021/8/29, 46, 11, 26, 2
2021/8/30, 29, 9, 26, 3
2021/8/31, 22, 15, 28, 3
2021/9/1, 41, 16, 28, 2
2021/9/2, 44, 18, 28, 2
2021/9/3, 47, 19, 35, 3
2021/9/4, 55, 22, 42, 7
2021/9/5, 57, 27, 42, 12
2021/9/6, 68, 24, 51, 8
2021/9/7, 60, 29, 57, 7
2021/9/8, 70, 23, 26, 6
2021/9/9, 60, 10, 27, 4
2021/9/10, 31, 8, 28, 3
2021/9/11, 23, 10, 24, 6
2021/9/12, 29, 21, 22, 3
2021/9/13, 41, 10, 19, 6
2021/9/14, 30, 18, 25, 8
2021/9/15, 57, 15, 24, 9
2021/9/16, 48, 9, 22, 8
2021/9/17, 26, 12, 31, 10
2021/9/18, 39, 10, 25, 6
2021/9/19, 33, 7, 25, 6
2021/9/20, 19, 11, 20, 12
2021/9/21, 29, 11, 24, 6
2021/9/22, 31, 8, 24, 6
2021/9/23, 18, 10, 19, 7
2021/9/24, 25, 9, 18, 5
2021/9/25, 30, 13, 30, 3
2021/9/26, 44, 7, 29, 2
2021/9/27, 17, 7, 25, 5
2021/9/28, 15, 6, 22, 4
2021/9/29, 12, 6, 22, 4
2021/9/30, 14, 6, 25, 3
2021/4/1, 59, 11, 34, 2
2021/4/2, 28, 21, 32, 6
2021/4/3, 50, 25, 36, 8
2021/4/4, 63, 13, 32, 2
2021/4/5, 37, 9, 31, 5
2021/4/6, 17, 11, 30, 9
2021/4/7, 23, 9, 30, 4
2021/4/8, 19, 8, 29, 5
2021/4/9, 18, 11, 29, 6
2021/4/10, 34, 9, 32, 5
2021/4/11, 29, 10, 34, 9
2021/4/12, 24, 12, 35, 11
2021/4/13, 25, , 31, 5
2021/4/16, 31, 18, 37, 11
2021/4/17, 48, 18, 38, 11
2021/4/18, 47, 22, 38, 12
2021/4/19, 49, 34, 40, 11
2021/4/20, 73, 34, 34, 6
2021/4/21, 77, 19, 32, 7
2021/4/22, 41, 15, 35, 7
2021/4/23, 31, 14, 38, 6
2021/4/24, 34, 11, 35, 1
2021/4/25, 33, 11, 36, 2
2021/4/26, 26, 21, 25, 10
2021/4/27, 48, 19, 37, 2
2021/4/28, 52, 14, 34, 3
2021/4/29, 41, 17, 33, 1
2021/4/30, 53, 18, 34, 1
2021/5/1, 56, 14, 33, 1
2021/5/2, 47, 9, 33, 
2021/5/3, 29, 5, 31, 
2021/5/4, 16, 5, 27, 1
2021/5/5, 12, 7, 30, 2
2021/5/6, 20, 10, 33, 6
2021/5/7, 24, 7, 25, 3
2021/5/8, 21, 5, 30, 1
2021/5/9, 13, 9, 31, 3
2021/5/10, 21, 11, 33, 4
2021/5/11, 28, 8, 32, 5
2021/5/12, 19, 12, 32, 7
2021/5/13, 33, 14, 31, 5
2021/5/14, 48, 14, 28, 3
2021/5/15, 51, 9, 27, 2
2021/5/16, 24, 13, 29, 6
2021/5/17, 41, 8, 29, 5
2021/5/18, 20, 7, 32, 5
2021/5/19, 19, 8, 28, 6
2021/5/20, 20, 6, 28, 2
2021/5/21, 16, 5, 30, 4
2021/5/22, 13, 7, 31, 3
2021/5/23, 16, 6, 29, 4
2021/5/24, 15, 7, 30, 4
2021/5/25, 15, 9, 31, 6
2021/5/26, 21, 13, 34, 9
2021/5/27, 41, 11, 33, 7
2021/5/28, 33, 12, 39, 8
2021/5/29, 39, 12, 34, 2
2021/5/30, 43, 17, 42, 2
2021/5/31, 57, 17, 48, 4
2021/6/1, 48, 18, 50, 4
2021/6/2, 51, 17, 32, 4
2021/6/3, 50, 12, 27, 6
2021/6/4, 27, 11, 33, 6
2021/6/5, 31, 9, 25, 3
2021/6/6, 26, 10, 26, 3
2021/6/7, 29, 9, 36, 4
2021/6/8, 23, 10, 28, 3
2021/6/9, 24, 6, 20, 1
2021/6/10, 16, 6, 20, 1
2021/6/11, 12, 11, 30, 2
2021/6/12, 29, 9, 28, 3
2021/6/13, 22, 13, 26, 2
2021/6/14, 31, 12, 35, 5
2021/6/15, 29, 13, 40, 5
2021/6/16, 32, 11, 22, 4
2021/6/17, 26, 9, 21, 4
2021/6/18, 22, , , 
2021/6/20, 29, 11, 25, 2
2021/6/21, 30, 12, 25, 2
2021/6/22, 31, 17, 36, 5
2021/6/23, 46, 16, 18, 5
2021/6/24, 49, 8, 18, 2
2021/6/25, 22, 9, 25, 1
2021/6/26, 25, 9, 28, 1
2021/6/27, 26, 10, 24, 3
2021/6/28, 28, 13, 19, 5
2021/6/29, 41, 18, 23, 5
2021/6/30, 53, 24, 20, 8
2021/1/4, 18, 7, 20, 6
2021/1/5, 17, 13, 7, 15
2021/1/6, 39, 19, 2, 19
2021/1/7, 63, 21, 10, 17
2021/1/8, 66, 21, 13, 11
2021/1/9, 68, 16, 17, 7
2021/1/10, 58, 8, 25, 4
2021/1/11, 32, 9, 26, 13
2021/1/12, 28, 17, 5, 19
2021/1/13, 59, 11, 17, 11
2021/1/14, 43, 15, 17, 11
2021/1/15, 50, 14, 21, 7
2021/1/16, 50, 11, 26, 5
2021/1/17, 28, 9, 22, 6
2021/1/18, 22, 4, 26, 3
2021/1/19, 10, 3, 29, 4
2021/1/20, 8, 4, 28, 6
2021/1/21, 10, 8, 19, 10
2021/1/22, 22, 9, 19, 12
2021/1/23, 30, 11, 19, 11
2021/1/24, 40, 13, 20, 13
2021/1/25, 44, 10, 16, 18
2021/1/26, 35, 11, 13, 15
2021/1/27, 39, 9, 22, 8
2021/1/28, 27, 8, 26, 7
2021/1/29, 22, 6, 22, 3
2021/1/30, 22, 8, 21, 5
2021/1/31, 24, 19, 14, 13
2021/2/1, 60, 17, 30, 9
2021/2/2, 53, 10, 28, 10
2021/2/3, 26, 10, 16, 14
2021/2/4, 35, 10, 17, 10
2021/2/5, 37, 9, 15, 10
2021/2/6, 33, 15, 31, 2
2021/2/7, 39, 11, 31, 4
2021/2/8, 28, 7, 26, 5
2021/2/9, 19, 12, 28, 10
2021/2/10, 32, 11, 26, 9
2021/2/11, 36, 18, 26, 8
2021/2/12, 57, 15, 25, 6
2021/2/13, 47, 14, 25, 5
2021/2/14, 42, 11, 27, 8
2021/2/15, 39, 10, 26, 6
2021/2/16, 28, 10, 29, 6
2021/2/17, 24, 10, 30, 5
2021/2/18, 23, 9, 27, 5
2021/2/19, 22, 28, 29, 5
2021/2/20, 49, 19, 27, 6
2021/2/21, 42, 17, 25, 16
2021/2/22, 51, 9, 29, 6
2021/2/23, 26, 11, 31, 3
2021/2/24, 24, 13, 29, 8
2021/2/25, 26, 20, 24, 18
2021/2/26, 44, 27, 25, 16
2021/2/27, 65, 28, 27, 10
2021/2/28, 75, 17, 20, 7
2021/3/1, 57, 30, 19, 5
2021/3/2, 85, 51, 12, 11
2021/3/3, 136, 38, 29, 8
2021/3/4, 104, 13, 30, 6
2021/3/5, 33, 12, 30, 12
2021/3/6, 28, 24, 29, 12
2021/3/7, 66, 29, 19, 14
2021/3/8, 73, 22, 29, 11
2021/3/9, 53, 16, 30, 5
2021/3/10, 46, 10, 30, 2
2021/3/11, 30, 8, 31, 3
2021/3/12, 16, 6, 32, 2
2021/3/13, 15, 6, 33, 2
2021/3/14, 15, 13, 35, 5
2021/3/15, 39, 15, 24, 6
2021/3/16, 40, 22, 20, 11
2021/3/17, 57, 20, 19, 10
2021/3/18, 59, 11, 24, 4
2021/3/19, 36, 14, 25, 5
2021/3/20, 48, 13, 28, 5
2021/3/21, 39, 17, 25, 12
2021/3/22, 47, 21, 28, 9
2021/3/23, 59, 20, 29, 7
2021/3/24, 58, 13, 32, 6
2021/3/25, 30, 9, 30, 3
2021/3/26, 21, 10, 31, 2
2021/3/27, 20, 8, 32, 1
2021/3/28, 19, 8, 30, 5
2021/3/29, 20, 26, 37, 17
2021/3/30, 55, 36, 38, 17
2021/3/31, 64, 29, 32, 2
2020/10/1, 17, 8, 24, 5
2020/10/2, 24, 11, 27, 4
2020/10/3, 35, 1, 26, 4
2020/10/4, 4, 4, 20, 5
2020/10/5, 8, 6, 18, 5
2020/10/6, 12, 7, 20, 5
2020/10/7, 16, 6, 18, 8
2020/10/8, 16, 7, 23, 6
2020/10/9, 17, 6, 20, 5
2020/10/10, 14, 6, 21, 6
2020/10/11, 13, 8, 16, 10
2020/10/12, 21, 8, 16, 7
2020/10/13, 24, 12, 23, 6
2020/10/14, 38, 9, 21, 7
2020/10/15, 22, 10, 17, 9
2020/10/16, 26, 11, 20, 9
2020/10/17, 31, 18, 13, 10
2020/10/18, 60, 18, 23, 10
2020/10/19, 58, 11, 21, 8
2020/10/20, 35, 16, 23, 8
2020/10/21, 41, 8, 22, 7
2020/10/22, 19, 8, 19, 9
2020/10/23, 24, 8, 26, 4
2020/10/24, 19, 5, 24, 5
2020/10/25, 12, 7, 22, 6
2020/10/26, 18, 10, 21, 7
2020/10/27, 21, 9, 23, 4
2020/10/28, 19, 10, 26, 5
2020/10/29, 24, 7, 26, 7
2020/10/30, 21, 9, 24, 3
2020/10/31, 22, 15, 28, 2
2020/11/1, 37, 8, 27, 2
2020/11/2, 19, 11, 23, 9
2020/11/3, 27, 14, 15, 19
2020/11/4, 38, 30, 13, 17
2020/11/5, 87, 51, 10, 17
2020/11/6, 136, 39, 6, 14
2020/11/7, 103, 40, 2, 10
2020/11/8, 104, 24, 10, 10
2020/11/9, 72, 12, 16, 10
2020/11/10, 37, 8, 24, 6
2020/11/11, 23, 8, 26, 6
2020/11/12, 18, 11, 26, 8
2020/11/13, 23, 10, 23, 4
2020/11/14, 25, 10, 28, 2
2020/11/15, 25, 8, 26, 4
2020/11/16, 17, 5, 28, 4
2020/11/17, 13, 10, 29, 4
2020/11/18, 26, 9, 28, 10
2020/11/19, 22, 10, 24, 10
2020/11/20, 28, 5, 26, 3
2020/11/21, 15, 9, 20, 10
2020/11/22, 26, 13, 18, 13
2020/11/23, 45, 10, 21, 8
2020/11/24, 31, 14, 19, 13
2020/11/25, 47, 19, 1, 18
2020/11/26, 58, 25, 10, 19
2020/11/27, 75, 29, 7, 14
2020/11/28, 81, 27, 8, 12
2020/11/29, 79, 16, 23, 6
2020/11/30, 55, 10, 19, 15
2020/12/1, 29, 14, 14, 18
2020/12/2, 46, 10, 18, 12
2020/12/3, 31, 7, 20, 7
2020/12/4, 27, 8, 19, 8
2020/12/5, 25, 17, 9, 16
2020/12/6, 58, 14, 5, 19
2020/12/7, 55, 13, 13, 13
2020/12/8, 50, 11, 20, 12
2020/12/9, 31, 10, 13, 9
2020/12/10, 31, 12, 16, 14
2020/12/11, 37, 11, 17, 11
2020/12/12, 38, 8, 23, 7
2020/12/13, 27, 11, 26, 8
2020/12/14, 26, 10, 19, 11
2020/12/15, 24, 8, 22, 9
2020/12/16, 21, 8, 20, 8
2020/12/17, 21, 5, 22, 5
2020/12/18, 12, 7, 24, 5
2020/12/19, 18, 8, 20, 6
2020/12/20, 20, 6, 22, 7
2020/12/21, 19, 9, 20, 16
2020/12/22, 23, 12, 26, 10
2020/12/23, 43, 5, 24, 4
2020/12/24, 14, 7, 22, 7
2020/12/25, 22, 5, 30, 2
2020/12/26, 16, 7, 30, 5
2020/12/27, 19, 10, 18, 7
2020/12/28, 37, 14, 16, 13
2020/12/29, 54, 14, 6, 19
2020/12/30, 48, 15, 16, 14
2020/12/31, 54, 20, 12, 9
2021/1/1, 67, 12, 13, 12
2021/1/2, 43, 10, 17, 5
2021/1/3, 39, 6, 20, 4
2020/7/1, 12, 6, 19, 4
2020/7/2, 16, 7, 20, 2
2020/7/3, 16, 3, 15, 1
2020/7/4, 6, 7, 22, 
2020/7/5, 12, 7, 25, 3
2020/7/6, 15, 7, 17, 4
2020/7/7, 20, 5, 10, 4
2020/7/8, 12, 4, 22, 2
2020/7/9, 8, 6, 21, 4
2020/7/10, 12, 5, 23, 4
2020/7/11, 13, 10, 31, 4
2020/7/12, 28, 6, 19, 3
2020/7/13, 15, 6, 21, 4
2020/7/14, 15, 4, 12, 4
2020/7/15, 11, 5, 15, 4
2020/7/16, 11, 10, 20, 3
2020/7/17, 18, 7, 15, 1
2020/7/18, 19, 7, 25, 2
2020/7/19, 16, 8, 24, 5
2020/7/20, 17, 8, 27, 7
2020/7/21, 18, 10, 32, 10
2020/7/22, 24, 7, 22, 3
2020/7/23, 17, 5, 22, 3
2020/7/24, 13, 5, 14, 2
2020/7/25, 14, 6, 16, 1
2020/7/26, 15, 6, 17, 3
2020/7/27, 13, 6, 21, 3
2020/7/28, 12, 7, 21, 3
2020/7/29, 16, 8, 34, 8
2020/7/30, 18, 17, 54, 7
2020/7/31, 28, 6, 19, 2
2020/8/1, 15, 5, 21, 3
2020/8/2, 10, 5, 24, 6
2020/8/3, 10, 8, 23, 4
2020/8/4, 13, 5, 20, 2
2020/8/5, 9, 4, 16, 4
2020/8/6, 8, 8, 31, 8
2020/8/7, 14, 9, 29, 4
2020/8/8, 18, 15, 36, 1
2020/8/9, 45, 26, 53, 3
2020/8/10, 59, 31, 57, 7
2020/8/11, 75, 30, 77, 6
2020/8/12, 71, 28, 34, 4
2020/8/13, 71, 19, 41, 3
2020/8/14, 49, 15, 37, 2
2020/8/15, 44, 10, 22, 3
2020/8/16, 32, 8, 26, 5
2020/8/17, 22, 7, 22, 4
2020/8/18, 14, 5, 16, 4
2020/8/19, 13, 13, 26, 3
2020/8/20, 24, 10, 28, 2
2020/8/21, 22, 7, 26, 1
2020/8/22, 15, 6, 21, 1
2020/8/23, 13, 6, 24, 4
2020/8/24, 16, 4, 24, 2
2020/8/25, 8, , , 
2020/8/27, 24, 7, 22, 5
2020/8/28, 20, 5, 20, 2
2020/8/29, 11, 8, 25, 4
2020/8/30, 20, 10, 28, 9
2020/8/31, 28, 12, 31, 13
2020/9/1, 36, 12, 27, 10
2020/9/2, 33, 8, 19, 2
2020/9/3, 19, 11, 20, 4
2020/9/4, 26, 10, 22, 3
2020/9/5, 26, 8, 20, 6
2020/9/6, 18, 8, 18, 5
2020/9/7, 22, 7, 17, 3
2020/9/8, 19, 8, 20, 4
2020/9/9, 20, 12, 23, 11
2020/9/10, 28, 10, 20, 6
2020/9/11, 29, 8, 22, 2
2020/9/12, 20, 9, 22, 3
2020/9/13, 26, 14, 38, 14
2020/9/14, 31, 23, 47, 16
2020/9/15, 53, 27, 26, 8
2020/9/16, 63, 18, 28, 2
2020/9/17, 40, 14, 30, 4
2020/9/18, 20, 15, 33, 2
2020/9/19, 29, 14, 31, 2
2020/9/20, 33, 19, 27, 13
2020/9/21, 46, 25, 36, 9
2020/9/22, 64, 16, 26, 6
2020/9/23, 45, 6, 24, 7
2020/9/24, 15, 7, 23, 4
2020/9/25, 16, 6, 24, 3
2020/9/26, 12, 12, 23, 4
2020/9/27, 30, 12, 15, 12
2020/9/28, 35, 14, 19, 6
2020/9/29, 47, 5, 17, 7
2020/9/30, 12, 7, 21, 10
2020/4/1, 30, 9, 30, 3
2020/4/2, 21, 13, 31, 7
2020/4/3, 30, 12, 32, 6
2020/4/4, 37, 12, 37, 2
2020/4/5, 31, 10, 35, 4
2020/4/6, 23, 15, 39, 12
2020/4/7, 38, 18, 42, 12
2020/4/8, 47, 26, 41, 5
2020/4/9, 66, 26, 49, 4
2020/4/10, 69, 28, 49, 6
2020/4/11, 72, 16, 36, 3
2020/4/12, 47, 13, 33, 1
2020/4/13, 31, 14, 32, 6
2020/4/14, 35, 18, 38, 11
2020/4/15, 50, 36, 44, 9
2020/4/16, 83, 14, 32, 2
2020/4/17, 35, 10, 27, 3
2020/4/18, 29, 12, 37, 2
2020/4/19, 33, 15, 36, 2
2020/4/20, 32, 20, 36, 3
2020/4/21, 43, 24, 42, 3
2020/4/22, 51, 21, 43, 4
2020/4/23, 48, 20, 47, 4
2020/4/24, 51, 17, 33, 5
2020/4/25, 54, 20, 40, 5
2020/4/26, 58, 12, 31, 3
2020/4/27, 31, 5, 29, 3
2020/4/28, 15, 7, 29, 4
2020/4/29, 20, 5, 26, 4
2020/4/30, 11, 5, 29, 3
2020/5/1, 15, 6, 32, 4
2020/5/2, 16, 10, 35, 6
2020/5/3, 35, 18, 33, 5
2020/5/4, 56, 9, 36, 2
2020/5/5, 23, 12, 41, 4
2020/5/6, 31, 17, 41, 9
2020/5/7, 49, 14, 37, 5
2020/5/8, 44, 19, 44, 5
2020/5/9, 57, 11, 30, 1
2020/5/10, 29, 9, 29, 2
2020/5/11, 19, 10, 32, 6
2020/5/12, 23, 8, 31, 3
2020/5/13, 18, 9, 34, 4
2020/5/14, 20, 9, 33, 5
2020/5/15, 23, 8, 35, 5
2020/5/16, 24, 8, 30, 3
2020/5/17, 23, 9, 33, 2
2020/5/18, 20, 7, 32, 3
2020/5/19, 16, 12, 32, 6
2020/5/20, 31, 11, 44, 5
2020/5/21, 25, 17, 33, 1
2020/5/22, 35, 13, 28, 
2020/5/23, 28, 11, 30, 2
2020/5/24, 30, 7, 35, 4
2020/5/25, 17, 9, 30, 4
2020/5/26, 22, 11, 39, 3
2020/5/27, 27, 9, 37, 3
2020/5/28, 21, 8, 36, 3
2020/5/29, 16, 12, 47, 2
2020/5/30, 27, 11, 43, 1
2020/5/31, 27, 10, 40, 2
2020/6/1, 17, 13, 44, 3
2020/6/2, 23, 11, 29, 5
2020/6/3, 29, 8, 22, 5
2020/6/4, 19, 6, 27, 2
2020/6/5, 10, 5, 22, 3
2020/6/6, 12, 7, 21, 3
2020/6/7, 20, 13, 24, 5
2020/6/8, 35, 11, 32, 5
2020/6/9, 27, 13, 24, 6
2020/6/10, 41, 10, 29, 3
2020/6/11, 32, 15, 25, 3
2020/6/12, 49, 15, 33, 3
2020/6/13, 39, 10, 34, 6
2020/6/14, 32, 7, 33, 5
2020/6/15, 19, 9, 30, 5
2020/6/16, 27, 13, 29, 5
2020/6/17, 38, 7, 25, 4
2020/6/18, 24, 7, 23, 4
2020/6/19, 18, 7, 21, 5
2020/6/20, 17, 9, 22, 2
2020/6/21, 21, 12, 28, 4
2020/6/22, 26, 12, 35, 6
2020/6/23, 28, 16, 65, 8
2020/6/24, 41, 17, 62, 5
2020/6/25, 41, 17, 47, 5
2020/6/26, 43, 6, 21, 1
2020/6/27, 13, 7, 25, 
2020/6/28, 15, 10, 22, 1
2020/6/29, 21, 8, 22, 2
2020/6/30, 20, 4, 16, 3
2020/1/1, 79, 11, 25, 5
2020/1/2, 35, 12, 25, 9
2020/1/3, 29, 5, 24, 7
2020/1/4, 14, 6, 24, 5
2020/1/5, 17, 9, 27, 6
2020/1/6, 24, 12, 24, 9
2020/1/7, 31, 14, 22, 10
2020/1/8, 36, 8, 24, 7
2020/1/9, 24, 10, 20, 14
2020/1/10, 29, 5, 29, 3
2020/1/11, 14, 3, 27, 5
2020/1/12, 10, 7, 29, 8
2020/1/13, 18, 9, 30, 6
2020/1/14, 22, 8, 26, 9
2020/1/15, 16, 10, 27, 8
2020/1/16, 24, 7, 21, 11
2020/1/17, 19, 11, 19, 10
2020/1/18, 25, 16, 10, 17
2020/1/19, 52, 19, 8, 22
2020/1/20, 61, 16, 10, 23
2020/1/21, 50, 15, 13, 14
2020/1/22, 50, 15, 14, 14
2020/1/23, 54, 14, 9, 13
2020/1/24, 48, 25, 16, 9
2020/1/25, 63, 17, 18, 8
2020/1/26, 45, 7, 23, 15
2020/1/27, 17, 5, 27, 5
2020/1/28, 13, 11, 26, 7
2020/1/29, 25, 5, 24, 8
2020/1/30, 14, 3, 24, 5
2020/1/31, 8, 11, 30, 2
2020/2/1, 28, 13, 29, 4
2020/2/2, 35, 12, 29, 5
2020/2/3, 27, 12, 28, 6
2020/2/4, 30, 24, 14, 19
2020/2/5, 54, 22, 14, 21
2020/2/6, 62, 25, 15, 16
2020/2/7, 70, 14, 29, 6
2020/2/8, 32, 7, 30, 1
2020/2/9, 19, 7, 32, 4
2020/2/10, 16, 9, 31, 2
2020/2/11, 19, 10, 27, 
2020/2/12, 21, 5, 27, 9
2020/2/13, 15, 11, 21, 11
2020/2/14, 31, 4, 28, 3
2020/2/15, 12, 5, 33, 1
2020/2/16, 12, 9, 30, 2
2020/2/17, 21, 11, 27, 5
2020/2/18, 24, 10, 29, 7
2020/2/19, 24, 4, 31, 3
2020/2/20, 9, 12, 31, 3
2020/2/21, 29, 8, 32, 1
2020/2/22, 21, 5, 28, 7
2020/2/23, 14, 4, 27, 3
2020/2/24, 10, 4, 27, 3
2020/2/25, 10, 8, 26, 7
2020/2/26, 17, 10, 28, 9
2020/2/27, 22, 6, 25, 9
2020/2/28, 16, 6, 33, 1
2020/2/29, 14, 10, 30, 3
2020/3/1, 23, 9, 29, 11
2020/3/2, 21, 13, 25, 6
2020/3/3, 24, 10, 23, 13
2020/3/4, 27, 12, 25, 7
2020/3/5, 42, 20, 21, 22
2020/3/6, 50, 11, 30, 8
2020/3/7, 29, 7, 32, 2
2020/3/8, 17, 8, 27, 5
2020/3/9, 20, 4, 27, 3
2020/3/10, 9, 8, 34, 4
2020/3/11, 20, 8, 29, 2
2020/3/12, 19, 7, 27, 8
2020/3/13, 18, 7, 27, 5
2020/3/14, 20, 5, 29, 7
2020/3/15, 14, 10, 26, 11
2020/3/16, 25, 7, 24, 4
2020/3/17, 15, 4, 26, 5
2020/3/18, 12, 9, 28, 6
2020/3/19, 27, 8, 26, 4
2020/3/20, 23, 8, 29, 2
2020/3/21, 22, 14, 26, 3
2020/3/22, 42, 18, 25, 10
2020/3/23, 50, 26, 26, 11
2020/3/24, 65, 26, 33, 12
2020/3/25, 68, 31, 36, 10
2020/3/26, 76, 39, 41, 4
2020/3/27, 92, 17, 37, 2
2020/3/28, 42, 11, 33, 1
2020/3/29, 24, 8, 32, 3
2020/3/30, 20, 10, 31, 3
2020/3/31, 26, 11, 31, 7
2019/10/1, 16, 8, 17, 13
2019/10/2, 21, 10, 21, 11
2019/10/3, 32, 13, 19, 8
2019/10/4, 31, 11, 12, 7
2019/10/5, 28, 6, 25, 3
2019/10/6, 13, 8, 16, 7
2019/10/7, 20, 13, 22, 5
2019/10/8, 29, 8, 21, 4
2019/10/9, 18, 8, 20, 4
2019/10/10, 19, 5, 22, 6
2019/10/11, 12, 6, 18, 7
2019/10/12, 15, 4, 22, 5
2019/10/13, 11, 5, 23, 9
2019/10/14, 13, 10, 12, 11
2019/10/15, 29, 8, 20, 11
2019/10/16, 18, 7, 16, 14
2019/10/17, 20, 5, 22, 7
2019/10/18, 11, 7, 22, 7
2019/10/19, 18, 7, 20, 4
2019/10/20, 20, 7, 19, 6
2019/10/21, 18, 10, 19, 14
2019/10/22, 29, 14, 11, 15
2019/10/23, 47, 17, 9, 13
2019/10/24, 54, 6, 29, 8
2019/10/25, 14, 4, 14, 10
2019/10/26, 13, 7, 22, 10
2019/10/27, 16, 14, 17, 15
2019/10/28, 43, 11, 22, 9
2019/10/29, 34, 13, 17, 11
2019/10/30, 41, 24, 9, 13
2019/10/31, 69, 9, 20, 12
2019/11/1, 26, 6, 24, 4
2019/11/2, 16, 12, 17, 9
2019/11/3, 38, 14, 11, 12
2019/11/4, 40, 14, 16, 8
2019/11/5, 41, 24, 12, 17
2019/11/6, 68, 10, 14, 15
2019/11/7, 32, 9, 20, 10
2019/11/8, 26, 12, 22, 15
2019/11/9, 43, 11, 23, 11
2019/11/10, 30, 8, 21, 7
2019/11/11, 24, 6, 24, 8
2019/11/12, 15, 8, 13, 14
2019/11/13, 20, 5, 20, 7
2019/11/14, 16, 9, 21, 7
2019/11/15, 29, 16, 14, 11
2019/11/16, 52, 16, 16, 9
2019/11/17, 50, 11, 13, 16
2019/11/18, 34, 18, 7, 19
2019/11/19, 58, 11, 16, 13
2019/11/20, 37, 23, 12, 13
2019/11/21, 70, 12, 17, 12
2019/11/22, 38, 16, 12, 11
2019/11/23, 55, 22, 9, 13
2019/11/24, 66, 7, 16, 9
2019/11/25, 23, 10, 17, 12
2019/11/26, 25, 11, 15, 13
2019/11/27, 36, 8, 20, 9
2019/11/28, 25, 14, 11, 20
2019/11/29, 38, 16, 9, 18
2019/11/30, 53, 12, 17, 13
2019/12/1, 44, 16, 5, 27
2019/12/2, 51, 14, 11, 19
2019/12/3, 49, 21, 6, 22
2019/12/4, 65, 15, 24, 12
2019/12/5, 47, 4, 24, 5
2019/12/6, 9, 6, 25, 5
2019/12/7, 16, 8, 30, 2
2019/12/8, 21, 10, 26, 11
2019/12/9, 24, 9, 28, 8
2019/12/10, 22, 9, 21, 11
2019/12/11, 22, 5, 18, 11
2019/12/12, 14, 7, 26, 5
2019/12/13, 18, 6, 31, 3
2019/12/14, 16, 5, 30, 5
2019/12/15, 13, 12, 22, 20
2019/12/16, 30, 15, 8, 21
2019/12/17, 53, 10, 22, 9
2019/12/18, 34, 8, 28, 7
2019/12/19, 21, 8, 22, 15
2019/12/20, 26, 8, 18, 11
2019/12/21, 22, 6, 20, 6
2019/12/22, 20, 8, 21, 7
2019/12/23, 22, 8, 24, 6
2019/12/24, 22, 11, 19, 12
2019/12/25, 30, 13, 15, 12
2019/12/26, 44, 16, 7, 12
2019/12/27, 58, 10, 17, 7
2019/12/28, 36, 15, 17, 5
2019/12/29, 52, , , 
2019/7/1, 15, 9, 25, 5
2019/7/2, 20, 11, 34, 6
2019/7/3, 24, 11, 39, 8
2019/7/4, 26, 10, 32, 7
2019/7/5, 21, 7, 13, 6
2019/7/6, 18, 9, 30, 4
2019/7/7, 23, 10, 29, 4
2019/7/8, 27, 14, 17, 10
2019/7/9, 35, 12, 18, 6
2019/7/10, 31, 7, 18, 5
2019/7/11, 15, 8, 21, 5
2019/7/12, 19, 8, 19, 3
2019/7/13, 26, 9, 21, 3
2019/7/14, 24, 10, 26, 7
2019/7/15, 27, 16, 32, 14
2019/7/16, 42, 16, 35, 10
2019/7/17, 42, 7, 21, 5
2019/7/18, 16, 8, 13, 7
2019/7/19, 19, 10, 19, 2
2019/7/20, 19, 6, 20, 2
2019/7/21, 14, 7, 16, 2
2019/7/22, 18, 16, , 6
2019/7/23, 34, 19, , 6
2019/7/24, 51, 28, 72, 8
2019/7/25, 52, 11, 17, 6
2019/7/26, 27, 9, , 5
2019/7/27, 21, 6, , 4
2019/7/28, 12, 9, 28, 4
2019/7/29, 16, 9, 21, 6
2019/7/30, 19, 8, 18, 2
2019/7/31, 19, 11, 28, 4
2019/8/1, 31, 12, 32, 5
2019/8/2, 32, 14, 33, 7
2019/8/3, 40, 14, 35, 5
2019/8/4, 37, 9, 21, 3
2019/8/5, 22, 7, 23, 3
2019/8/6, 18, 8, 24, 2
2019/8/7, 17, 7, 25, 4
2019/8/8, 17, 10, 20, 3
2019/8/9, 25, 10, 25, 1
2019/8/10, 24, 7, 23, 3
2019/8/11, 15, 8, 24, 8
2019/8/12, 17, 6, 26, 6
2019/8/13, 14, 6, 14, 8
2019/8/14, 14, 7, 26, 4
2019/8/15, 14, 6, 14, 7
2019/8/16, 15, 10, 27, 2
2019/8/17, 22, 8, 24, 1
2019/8/18, 19, 9, 22, 3
2019/8/19, 19, 9, 29, 5
2019/8/20, 23, 9, 24, 5
2019/8/21, 23, 9, 21, 3
2019/8/22, 23, 11, 24, 10
2019/8/23, 26, 17, 48, 15
2019/8/24, 38, 23, 55, 14
2019/8/25, 54, 24, 49, 10
2019/8/26, 62, 28, 22, 13
2019/8/27, 69, 8, 19, 6
2019/8/28, 23, 8, 24, 4
2019/8/29, 20, 10, 24, 3
2019/8/30, 24, , , 
2019/9/1, 15, 8, 25, 4
2019/9/2, 18, 7, 24, 3
2019/9/3, 14, 6, 22, 2
2019/9/4, 13, 9, 24, 6
2019/9/5, 19, 8, 20, 7
2019/9/6, 20, 7, 22, 5
2019/9/7, 17, 8, 27, 10
2019/9/8, 21, 8, 16, 10
2019/9/9, 25, 10, 19, 7
2019/9/10, 28, 6, 18, 5
2019/9/11, 15, 8, 18, 4
2019/9/12, 22, 9, 25, 10
2019/9/13, 19, 11, 29, 9
2019/9/14, 25, 7, 22, 4
2019/9/15, 19, 8, 13, 7
2019/9/16, 24, 10, 24, 10
2019/9/17, 24, 13, 23, 11
2019/9/18, 30, 17, 20, 16
2019/9/19, 43, 13, 25, 11
2019/9/20, 31, 17, 37, 9
2019/9/21, 35, 13, 18, 8
2019/9/22, 33, 6, 18, 6
2019/9/23, 14, 5, 17, 6
2019/9/24, 11, 4, 13, 8
2019/9/25, 10, 7, 22, 3
2019/9/26, 16, 7, 20, 4
2019/9/27, 16, 6, 22, 2
2019/9/28, 13, 3, 21, 3
2019/9/29, 6, 6, 15, 7
2019/9/30, 13, 7, 23, 6
2019/4/1, 37, , 29, 12
2019/4/2, 29, , 23, 16
2019/4/3, 39, , 30, 9
2019/4/4, 35, , 28, 10
2019/4/5, 33, , 37, 4
2019/4/6, 45, , 29, 5
2019/4/7, 104, , 31, 9
2019/4/8, 141, , 38, 5
2019/4/9, 60, , 34, 5
2019/4/10, 36, , 35, 11
2019/4/11, 40, , 35, 10
2019/4/12, 47, , 37, 6
2019/4/13, 44, , 35, 7
2019/4/14, 46, , 36, 8
2019/4/15, 80, , 20, 11
2019/4/16, 115, , 34, 7
2019/4/17, 104, , 31, 9
2019/4/18, 127, , 47, 7
2019/4/19, 101, , 52, 14
2019/4/20, 108, , 58, 14
2019/4/21, 71, , 58, 9
2019/4/22, 66, , 32, 10
2019/4/23, 68, , 29, 8
2019/4/24, 61, , 28, 9
2019/4/25, 13, , 29, 7
2019/4/26, 10, , 31, 2
2019/4/27, 9, , 29, 8
2019/4/28, 19, , 30, 11
2019/4/29, 24, , 35, 12
2019/4/30, 60, , 30, 11
2019/5/2, 17, , 28, 7
2019/5/3, 33, , 29, 5
2019/5/4, 23, , 31, 8
2019/5/5, 28, , 30, 7
2019/5/6, 23, , 30, 11
2019/5/7, 35, , 28, 9
2019/5/8, 30, , 26, 8
2019/5/9, 34, , 28, 7
2019/5/10, 31, , 33, 7
2019/5/11, 40, , 37, 6
2019/5/12, 27, , 38, 8
2019/5/13, 33, , 38, 11
2019/5/14, 35, , 38, 6
2019/5/15, 39, , 39, 5
2019/5/16, 47, , 35, 5
2019/5/17, 32, , 31, 7
2019/5/18, 42, , 30, 11
2019/5/19, 59, , 33, 6
2019/5/20, 40, , 33, 7
2019/5/21, 30, , 35, 10
2019/5/22, 27, , 40, 10
2019/5/23, 28, , 27, 8
2019/5/24, 35, , 28, 5
2019/5/25, 22, , 23, 3
2019/5/26, 23, , 24, 3
2019/5/27, 15, , 31, 5
2019/5/28, 11, 7, 20, 10
2019/5/29, 17, 8, 21, 2
2019/5/30, 21, 6, 17, 4
2019/5/31, 15, 7, 9, 8
2019/6/1, 21, , , 
2019/6/3, 16, 10, 20, 9
2019/6/4, 29, 6, 27, 4
2019/6/5, 13, 7, 30, 8
2019/6/6, 15, 7, 7, 17
2019/6/7, 17, , , 
2019/6/10, 18, 3, 28, 3
2019/6/11, 10, 5, 18, 8
2019/6/12, 17, 5, 21, 7
2019/6/13, 12, 6, 21, 8
2019/6/14, 12, 7, 23, 7
2019/6/15, 16, 7, 23, 5
2019/6/16, 16, 7, 24, 3
2019/6/17, 17, 8, 22, 9
2019/6/18, 23, 12, 24, 9
2019/6/19, 35, 6, 26, 5
2019/6/20, 13, 9, 25, 9
2019/6/21, 20, 8, 34, 7
2019/6/22, 23, 13, 30, 3
2019/6/23, 41, 29, 23, 9
2019/6/24, 75, 18, 17, 7
2019/6/25, 47, 11, 21, 3
2019/6/26, 31, 9, 23, 2
2019/6/27, 22, 13, 25, 3
2019/6/28, 32, 18, 53, 6
2019/6/29, 44, 6, 24, 1
2019/6/30, 15, 7, 22, 3
2019/1/1, 30, , 23, 13
2019/1/2, 39, , 20, 13
2019/1/3, 63, , 10, 24
2019/1/4, 86, , 15, 17
2019/1/5, 64, , 18, 12
2019/1/6, 54, , 23, 6
2019/1/7, 35, , 27, 10
2019/1/8, 44, , 19, 15
2019/1/9, 36, , 9, 24
2019/1/10, 62, , 17, 18
2019/1/11, 41, , 23, 6
2019/1/12, 16, , 30, 3
2019/1/13, 18, , 28, 12
2019/1/14, 35, , 22, 8
2019/1/15, 18, , 26, 8
2019/1/16, 6, , 21, 16
2019/1/18, 34, , 19, 12
2019/1/19, 55, , 8, 17
2019/1/20, 86, , 12, 15
2019/1/21, 79, , 25, 14
2019/1/22, 22, , 22, 24
2019/1/23, 54, , 3, 27
2019/1/24, 74, , 19, 13
2019/1/25, 36, , 26, 5
2019/1/26, 11, , 28, 3
2019/1/27, 30, , 23, 11
2019/1/28, 23, , 18, 17
2019/1/29, 31, , 18, 21
2019/1/30, 41, , 13, 22
2019/1/31, 70, , 19, 10
2019/2/1, 53, , 20, 10
2019/2/2, 44, , 19, 17
2019/2/3, 42, , 25, 16
2019/2/4, 35, , 13, 16
2019/2/5, 46, , 22, 16
2019/2/6, 39, , 30, 5
2019/2/7, 28, , 29, 6
2019/2/8, 23, , 32, 4
2019/2/9, 26, , 26, 7
2019/2/10, 14, , 23, 18
2019/2/11, 27, , 19, 15
2019/2/12, 46, , 21, 12
2019/2/13, 42, , 13, 20
2019/2/14, 69, , 18, 22
2019/2/15, 77, , 24, 8
2019/2/16, 54, , 25, 7
2019/2/17, 58, , 26, 9
2019/2/18, 29, , 26, 10
2019/2/19, 24, , 28, 7
2019/2/20, 29, , 25, 10
2019/2/21, 40, , 15, 19
2019/2/22, 61, , 13, 18
2019/2/23, 106, , 17, 17
2019/2/24, 101, , 15, 24
2019/2/25, 95, , 14, 27
2019/2/26, 94, , 20, 26
2019/2/27, 103, , 16, 20
2019/2/28, 97, , 20, 14
2019/3/1, 65, , 29, 5
2019/3/2, 28, , 34, 4
2019/3/3, 26, , 29, 4
2019/3/4, 13, , 28, 8
2019/3/5, 19, , 30, 7
2019/3/6, 19, , 29, 6
2019/3/7, 13, , 26, 9
2019/3/8, 24, , 34, 4
2019/3/9, 28, , 33, 4
2019/3/10, 13, , 33, 5
2019/3/11, 18, , 33, 5
2019/3/12, 12, , 32, 4
2019/3/13, 25, , 33, 5
2019/3/14, 21, , 33, 4
2019/3/15, 14, , 32, 3
2019/3/16, 19, , 32, 4
2019/3/17, 12, , 29, 11
2019/3/18, 27, , 22, 10
2019/3/19, 31, , 24, 8
2019/3/20, 29, , 14, 8
2019/3/21, 37, , 24, 7
2019/3/22, 40, , 31, 8
2019/3/23, 32, , 32, 8
2019/3/24, 31, , 34, 7
2019/3/25, 28, , 31, 14
2019/3/26, 43, , 33, 14
2019/3/27, 40, , 31, 20
2019/3/28, 60, , 32, 18
2019/3/29, 90, , 27, 12
2019/3/30, 102, , 35, 3
2019/3/31, 33, , 30, 9
2018/10/1, 18, , 19, 7
2018/10/2, 11, , 15, 9
2018/10/3, 18, , 14, 7
2018/10/4, 28, , 19, 10
2018/10/5, 46, , 20, 6
2018/10/6, 18, , 19, 9
2018/10/7, 28, , 24, 7
2018/10/8, 15, , 26, 13
2018/10/9, 27, , 28, 12
2018/10/10, 76, , 24, 7
2018/10/11, 41, , 24, 4
2018/10/12, 15, , 27, 2
2018/10/13, 18, , 25, 3
2018/10/14, 11, , 24, 6
2018/10/15, 12, , 14, 11
2018/10/16, 7, , 15, 9
2018/10/17, 41, , 11, 9
2018/10/18, 40, , 15, 19
2018/10/22, 30, , 17, 7
2018/10/23, 29, , 26, 6
2018/10/24, 26, , 26, 7
2018/10/25, 21, , 23, 9
2018/10/26, 12, , 21, 5
2018/10/27, 13, , 22, 5
2018/10/28, 15, , 17, 10
2018/10/29, 26, , 12, 12
2018/10/30, 26, , 16, 13
2018/10/31, 45, , 15, 20
2018/11/1, 53, , 14, 20
2018/11/2, 45, , 25, 6
2018/11/3, 27, , 22, 7
2018/11/4, 50, , 8, 13
2018/11/5, 107, , 19, 10
2018/11/6, 59, , 21, 7
2018/11/7, 12, , 21, 11
2018/11/8, 15, , 25, 7
2018/11/9, 25, , 21, 6
2018/11/10, 2, , 21, 9
2018/11/11, 13, , 28, 11
2018/11/12, 14, , 24, 9
2018/11/13, 15, , 23, 12
2018/11/14, 18, , 12, 14
2018/11/15, 53, , 9, 10
2018/11/16, 57, , 8, 13
2018/11/17, 57, , 22, 9
2018/11/18, 53, , 20, 6
2018/11/19, 19, , 18, 6
2018/11/20, 26, , 12, 13
2018/11/21, 58, , , 23
2018/11/22, 101, , 7, 20
2018/11/23, 108, , 16, 11
2018/11/24, 69, , 10, 10
2018/11/25, 51, , 14, 16
2018/11/26, 41, , 9, 16
2018/11/27, 44, , 29, 8
2018/11/28, 18, , 26, 4
2018/11/29, 13, , 25, 8
2018/11/30, 14, , 23, 5
2018/12/4, 48, , 17, 14
2018/12/5, 26, , 25, 8
2018/12/6, 16, , 25, 4
2018/12/7, 15, , 29, 2
2018/12/8, 20, , 28, 9
2018/12/9, 16, , 12, 24
2018/12/10, 32, , 5, 27
2018/12/11, 54, , 15, 24
2018/12/12, 55, , 11, 21
2018/12/13, 49, , 3, 26
2018/12/14, 75, , 29, 12
2018/12/15, 49, , 20, 19
2018/12/16, 25, , 22, 17
2018/12/17, 26, , 25, 10
2018/12/18, 27, , 16, 15
2018/12/19, 22, , 22, 8
2018/12/20, 18, , 24, 7
2018/12/21, 18, , 23, 8
2018/12/22, 21, , 15, 10
2018/12/23, 29, , 7, 18
2018/12/24, 59, , 4, 14
2018/12/25, 60, , 9, 10
2018/12/26, 45, , 5, 14
2018/12/27, 66, , 10, 10
2018/12/28, 44, , 20, 7
2018/12/29, 31, , 22, 8
2018/12/30, 27, , , 
2018/7/1, 51, , 43, 3
2018/7/2, 47, , 39, 3
2018/7/3, 41, , 45, 5
2018/7/4, 47, , 56, 8
2018/7/5, 57, , 47, 6
2018/7/6, 55, , 40, 6
2018/7/7, 56, , 36, 3
2018/7/8, 45, , 30, 4
2018/7/9, 51, , 32, 2
2018/7/10, 41, , 32, 4
2018/7/11, 53, , 34, 4
2018/7/12, 57, , 37, 7
2018/7/13, 47, , 41, 4
2018/7/14, 56, , 35, 3
2018/7/15, 42, , 39, 6
2018/7/16, 46, , 23, 5
2018/7/17, 33, , 28, 10
2018/7/18, 40, , 41, 12
2018/7/19, 57, , 35, 8
2018/7/20, 47, , 34, 7
2018/7/21, 58, , 27, 5
2018/7/22, 49, , 24, 7
2018/7/23, 56, , 22, 3
2018/7/26, 57, , 33, 6
2018/7/27, 50, , 25, 2
2018/7/28, 32, , 18, 2
2018/7/29, 24, , 17, 4
2018/7/30, 29, , 27, 4
2018/7/31, 34, , 27, 6
2018/8/1, 35, , 22, 5
2018/8/2, 41, , 14, 6
2018/8/3, 31, , 32, 3
2018/8/4, 46, , 40, 7
2018/8/5, 52, , 39, 9
2018/8/6, 52, , 29, 10
2018/8/7, 50, , 21, 5
2018/8/8, 32, , 21, 9
2018/8/9, 39, , 18, 7
2018/8/10, 29, , 24, 5
2018/8/11, 31, , 14, 4
2018/8/12, 30, , 19, 6
2018/8/13, 36, , 18, 6
2018/8/14, 35, , 19, 3
2018/8/15, 36, , 17, 3
2018/8/16, 29, , 21, 4
2018/8/17, 33, , 17, 2
2018/8/18, 40, , 13, 2
2018/8/19, 32, , 16, 6
2018/8/20, 39, , 23, 5
2018/8/21, 40, , 19, 5
2018/8/22, 40, , 21, 7
2018/8/23, 33, , 16, 5
2018/8/24, 13, , 21, 6
2018/8/25, 23, , 15, 6
2018/8/26, 23, , 18, 1
2018/8/27, 12, , 17, 8
2018/8/28, 24, , 19, 11
2018/8/29, 30, , 23, 11
2018/8/30, 27, , 30, 13
2018/8/31, 41, , 34, 10
2018/9/1, 54, , 34, 8
2018/9/2, 34, , 19, 12
2018/9/3, 44, , 13, 9
2018/9/4, 57, , 28, 7
2018/9/5, 33, , 15, 13
2018/9/6, 28, , 21, 6
2018/9/7, 13, , 21, 4
2018/9/8, 12, , 24, 2
2018/9/9, 14, , 24, 3
2018/9/10, 18, , 23, 5
2018/9/11, 11, , 19, 12
2018/9/12, 21, , 20, 9
2018/9/13, 22, , 22, 4
2018/9/14, 11, , 24, 3
2018/9/15, 17, , 22, 2
2018/9/16, 19, , 33, 5
2018/9/17, 19, , 25, 3
2018/9/18, 19, , 25, 3
2018/9/19, 24, , 23, 6
2018/9/20, 16, , 23, 3
2018/9/21, 9, , 19, 7
2018/9/22, 15, , 24, 6
2018/9/23, 20, , 26, 14
2018/9/24, 21, , 21, 13
2018/9/25, 40, , 23, 11
2018/9/26, 40, , 26, 12
2018/9/27, 36, , 20, 11
2018/9/28, 25, , 24, 12
2018/9/29, 40, , 24, 5
2018/9/30, 21, , 23, 8
2018/4/1, 42, , 27, 7
2018/4/2, 44, , 32, 8
2018/4/3, 31, , 28, 8
2018/4/4, 38, , 29, 8
2018/4/5, 27, , 28, 10
2018/4/6, 51, , 18, 16
2018/4/7, 86, , 28, 9
2018/4/8, 71, , 26, 11
2018/4/9, 59, , 24, 7
2018/4/10, 60, , 24, 6
2018/4/11, 98, , 23, 8
2018/4/12, 77, , 19, 11
2018/4/13, 68, , 33, 9
2018/4/14, 75, , 27, 7
2018/4/15, 87, , 35, 5
2018/4/16, 35, , 32, 7
2018/4/17, 49, , 33, 7
2018/4/18, 52, , 41, 14
2018/4/19, 75, , 30, 11
2018/4/20, 72, , 35, 6
2018/4/21, 77, , 34, 3
2018/4/22, 55, , 31, 4
2018/4/23, 30, , 25, 5
2018/4/24, 32, , 28, 5
2018/4/25, 30, , 32, 5
2018/4/26, 30, , 25, 10
2018/4/27, 38, , 29, 4
2018/4/28, 40, , 32, 2
2018/4/29, 34, , 32, 4
2018/4/30, 34, , 33, 7
2018/5/1, 36, , 33, 7
2018/5/2, 33, , 31, 10
2018/5/3, 42, , 25, 7
2018/5/4, 45, , 37, 13
2018/5/5, 75, , 54, 12
2018/5/6, 79, , 60, 11
2018/5/7, 97, , 36, 9
2018/5/8, 66, , 27, 8
2018/5/9, 43, , 32, 6
2018/5/10, 39, , 31, 9
2018/5/11, 46, , 30, 7
2018/5/12, 44, , 32, 9
2018/5/13, 54, , 34, 7
2018/5/14, 40, , 35, 7
2018/5/15, 46, , 27, 3
2018/5/16, 51, , 30, 5
2018/5/17, 44, , 31, 13
2018/5/18, 60, , 43, 10
2018/5/19, 73, , 44, 6
2018/5/20, 69, , 46, 8
2018/5/21, 75, , 42, 5
2018/5/22, 69, , 40, 3
2018/5/23, 70, , 36, 4
2018/5/24, 76, , 25, 8
2018/5/25, 77, , 41, 4
2018/5/26, 94, , 42, 4
2018/5/27, 84, , 43, 3
2018/5/28, 101, , 41, 3
2018/5/29, 80, , 36, 7
2018/5/30, 69, , 34, 5
2018/5/31, 81, , 33, 5
2018/6/1, 62, , 27, 6
2018/6/2, 48, , 36, 5
2018/6/3, 53, , 31, 4
2018/6/4, 71, , 32, 4
2018/6/5, 52, , 31, 5
2018/6/6, 55, , 27, 6
2018/6/7, 60, , 26, 6
2018/6/8, 60, , 25, 4
2018/6/9, 62, , 29, 5
2018/6/10, 56, , 34, 6
2018/6/11, 48, , 26, 5
2018/6/12, 42, , 33, 6
2018/6/13, 50, , 27, 4
2018/6/14, 35, , 27, 5
2018/6/15, 36, , 25, 4
2018/6/16, 31, , 22, 2
2018/6/17, 30, , 23, 2
2018/6/18, 30, , 13, 3
2018/6/19, 30, , 21, 3
2018/6/20, 27, , 27, 4
2018/6/21, 32, , 32, 5
2018/6/22, 42, , 31, 5
2018/6/23, 40, , 42, 7
2018/6/24, 47, , 53, 8
2018/6/25, 48, , 46, 7
2018/6/26, 45, , 30, 3
2018/6/27, 44, , 37, 3
2018/6/28, 52, , 40, 3
2018/6/29, 48, , 39, 2
2018/6/30, 46, , 51, 3
2018/1/1, 26, , 26, 9
2018/1/2, 30, , 31, 3
2018/1/3, 42, , 28, 7
2018/1/4, 32, , 22, 16
2018/1/5, 38, , 20, 12
2018/1/6, 53, , 22, 5
2018/1/7, 31, , 24, 11
2018/1/8, 50, , 6, 13
2018/1/9, 77, , 8, 18
2018/1/10, 57, , 3, 22
2018/1/11, 79, , 5, 17
2018/1/12, 89, , 17, 9
2018/1/13, 73, , 14, 10
2018/1/14, 85, , 24, 7
2018/1/15, 34, , 29, 5
2018/1/16, 24, , 29, 5
2018/1/17, 26, , 28, 6
2018/1/18, 24, , 24, 10
2018/1/19, 30, , 18, 15
2018/1/20, 45, , 17, 12
2018/1/21, 63, , 25, 10
2018/1/22, 41, , 25, 7
2018/1/23, 29, , 30, 5
2018/1/24, 31, , 25, 9
2018/1/25, 29, , 10, 21
2018/1/26, 62, , 22, 9
2018/1/27, 43, , 30, 2
2018/1/28, 30, , 31, 9
2018/1/29, 34, , 18, 15
2018/1/30, 46, , 27, 4
2018/1/31, 28, 10, 25, 7
2018/2/1, 28, 16, 23, 14
2018/2/2, 38, 10, 14, 14
2018/2/3, 42, 9, 22, 4
2018/2/4, 35, 10, 21, 9
2018/2/5, 38, 19, 13, 15
2018/2/6, 63, 15, 18, 18
2018/2/9, 36, , 28, 10
2018/2/10, 33, , 30, 3
2018/2/11, 21, , 25, 7
2018/2/12, 31, , 26, 13
2018/2/13, 32, , 18, 19
2018/2/14, 43, , 26, 7
2018/2/15, 36, , 19, 18
2018/2/16, 43, , 17, 18
2018/2/17, 58, , 19, 12
2018/2/18, 59, , 18, 11
2018/2/19, 58, , 25, 5
2018/2/20, 45, , 17, 12
2018/2/21, 49, , 20, 15
2018/2/22, 79, , 23, 12
2018/2/23, 76, , 23, 8
2018/2/24, 78, , 26, 6
2018/2/25, 56, , 28, 6
2018/2/26, 40, , 27, 9
2018/2/27, 40, , 27, 7
2018/2/28, 47, , 27, 6
2018/3/1, 76, , 28, 6
2018/3/2, 90, , 20, 10
2018/3/3, 150, , 20, 14
2018/3/4, 99, , 27, 15
2018/3/5, 48, , 24, 18
2018/3/6, 53, , 24, 21
2018/3/7, 56, , 27, 8
2018/3/8, 26, , 18, 17
2018/3/9, 52, , 16, 13
2018/3/10, 45, , 26, 11
2018/3/11, 53, , 18, 10
2018/3/12, 44, , 17, 19
2018/3/13, 54, , 28, 10
2018/3/14, 49, , 29, 10
2018/3/15, 56, , 28, 8
2018/3/16, 58, , 31, 3
2018/3/17, 54, , 31, 2
2018/3/18, 61, , 33, 4
2018/3/19, 48, , 27, 12
2018/3/20, 45, , 29, 16
2018/3/21, 60, , 30, 8
2018/3/22, 45, , 31, 11
2018/3/23, 48, , 27, 11
2018/3/24, 65, , 32, 6
2018/3/25, 46, , 30, 13
2018/3/26, 44, , 29, 10
2018/3/27, 30, , 25, 14
2018/3/28, 37, , 32, 14
2018/3/29, 37, , 31, 7
2018/3/30, 43, , 27, 5
2018/3/31, 41, , 29, 4
2017/10/1, 21, , 25, 5
2017/10/2, 38, , 23, 8
2017/10/3, 29, , 24, 6
2017/10/4, 27, , 25, 5
2017/10/5, 27, , 22, 12
2017/10/6, 36, , 21, 5
2017/10/7, 21, , 23, 11
2017/10/8, 32, , 13, 13
2017/10/9, 42, , 23, 6
2017/10/10, 30, , 21, 4
2017/10/11, 23, , 19, 9
2017/10/12, 30, , 17, 5
2017/10/13, 32, , 19, 5
2017/10/14, 43, , 23, 10
2017/10/15, 65, , 28, 6
2017/10/16, 62, , 29, 13
2017/10/17, 43, , 14, 15
2017/10/18, 48, , 15, 15
2017/10/19, 63, , 20, 8
2017/10/20, 25, , 26, 3
2017/10/21, 26, , 27, 4
2017/10/22, 25, , 18, 12
2017/10/23, 33, , 20, 5
2017/10/24, 26, , 23, 13
2017/10/25, 36, , 7, 20
2017/10/26, 57, , 17, 17
2017/10/27, 51, , 19, 6
2017/10/28, 33, , 26, 7
2017/10/29, 30, , 14, 20
2017/10/30, 51, , 14, 13
2017/10/31, 54, , 9, 15
2017/11/1, 62, , 3, 22
2017/11/2, 75, , 14, 19
2017/11/3, 79, , 19, 14
2017/11/4, 85, , 20, 11
2017/11/5, 63, , 14, 16
2017/11/6, 82, , 22, 12
2017/11/7, 33, , 17, 20
2017/11/8, 51, , 17, 15
2017/11/9, 41, , 24, 9
2017/11/10, 33, , 18, 14
2017/11/11, 51, , 26, 8
2017/11/12, 37, , 14, 19
2017/11/13, 36, , 17, 10
2017/11/14, 36, , 12, 15
2017/11/15, 52, , 19, 15
2017/11/16, 48, , 12, 23
2017/11/17, 57, , 20, 11
2017/11/18, 30, , 21, 14
2017/11/19, 42, , 18, 9
2017/11/20, 46, , 19, 6
2017/11/21, 30, , , 
2017/11/23, 33, , 12, 20
2017/11/24, 46, , 18, 11
2017/11/25, 35, , 22, 7
2017/11/26, 28, , 24, 8
2017/11/27, 23, , 16, 15
2017/11/28, 36, , 21, 11
2017/11/29, 48, , 23, 12
2017/11/30, 34, , 22, 14
2017/12/1, 36, , 9, 20
2017/12/2, 52, , 22, 9
2017/12/3, 38, , 18, 17
2017/12/4, 39, , 23, 9
2017/12/5, 30, , 24, 8
2017/12/6, 32, , 25, 7
2017/12/7, 32, , 25, 10
2017/12/8, 19, , 25, 13
2017/12/9, 34, , 24, 12
2017/12/10, 46, , 19, 19
2017/12/11, 46, , 10, 26
2017/12/12, 61, , 23, 13
2017/12/13, 27, , 26, 9
2017/12/14, 29, , 21, 11
2017/12/15, 30, , 8, 21
2017/12/16, 41, , 18, 13
2017/12/17, 45, , 15, 22
2017/12/18, 53, , 3, 21
2017/12/19, 65, , 10, 13
2017/12/20, 59, , 14, 13
2017/12/21, 47, , 15, 11
2017/12/22, 44, , 19, 5
2017/12/23, 34, , 24, 3
2017/12/24, 26, , 28, 2
2017/12/25, 29, , 28, 5
2017/12/26, 23, , 25, 7
2017/12/27, 21, , 17, 14
2017/12/28, 36, , 29, 9
2017/12/29, 39, , 29, 4
2017/12/30, 42, , , 
2017/7/1, 40, , 26, 3
2017/7/2, 40, , 23, 4
2017/7/3, 34, , 20, 8
2017/7/4, 34, , 31, 7
2017/7/5, 36, , 40, 7
2017/7/6, 53, , 25, 7
2017/7/7, 46, , 26, 4
2017/7/8, 37, , 27, 5
2017/7/9, 41, , 19, 8
2017/7/10, 39, , 18, 8
2017/7/11, 35, , 27, 4
2017/7/12, 39, , 30, 6
2017/7/13, 39, , 21, 4
2017/7/14, 29, , 16, 4
2017/7/15, 34, , 19, 2
2017/7/16, 31, , 29, 7
2017/7/17, 43, , 38, 9
2017/7/18, 49, , 32, 7
2017/7/19, 63, , 20, 6
2017/7/20, 32, , 21, 5
2017/7/21, 36, , 19, 6
2017/7/22, 28, , 24, 5
2017/7/23, 32, , 25, 5
2017/7/24, 39, , 27, 8
2017/7/25, 61, , 22, 7
2017/7/26, 40, , 19, 3
2017/7/27, 33, , 20, 3
2017/7/28, 29, , 23, 3
2017/7/29, 31, , 22, 3
2017/7/30, 31, , 20, 3
2017/7/31, 33, , 24, 5
2017/8/1, 34, , 17, 7
2017/8/2, 25, , 23, 2
2017/8/3, 25, , 24, 4
2017/8/4, 33, , 20, 10
2017/8/5, 38, , 25, 2
2017/8/6, 35, , 25, 6
2017/8/7, 35, , 17, 7
2017/8/8, 28, , 24, 4
2017/8/9, 35, , 28, 12
2017/8/10, 43, , 19, 6
2017/8/11, 39, , 22, 2
2017/8/12, 27, , 28, 8
2017/8/13, 38, , 22, 11
2017/8/14, 46, , 21, 5
2017/8/15, 35, , 22, 7
2017/8/16, 37, , 23, 4
2017/8/17, 34, , 24, 2
2017/8/18, 31, , 22, 2
2017/8/19, 28, , 23, 3
2017/8/20, 31, , 14, 7
2017/8/21, 37, , 11, 8
2017/8/22, 52, , 20, 7
2017/8/23, 57, , 22, 4
2017/8/24, 34, , 21, 7
2017/8/25, 38, , 24, 9
2017/8/26, 47, , 31, 9
2017/8/27, 44, , 42, 8
2017/8/28, 55, , 19, 7
2017/8/29, 41, , 16, 14
2017/8/30, 46, , 22, 12
2017/9/4, 21, , 19, 7
2017/9/5, 27, , , 
2017/9/11, 23, , 22, 5
2017/9/12, 26, , 25, 4
2017/9/13, 21, , 20, 8
2017/9/14, 25, , 16, 10
2017/9/15, 29, , 15, 12
2017/9/16, 39, , 21, 8
2017/9/17, 37, , 11, 10
2017/9/18, 39, , 19, 14
2017/9/19, 41, , 23, 9
2017/9/20, 38, , 19, 13
2017/9/21, 32, , 19, 11
2017/9/22, 34, , 21, 8
2017/9/23, 32, , 31, 8
2017/9/24, 56, , 15, 15
2017/9/25, 93, , 24, 13
2017/9/26, 86, , 23, 9
2017/9/27, 94, , 22, 14
2017/9/28, 37, , 23, 8
2017/9/29, 38, , 22, 9
2017/9/30, 31, , 20, 3
2017/4/1, 22, , 34, 10
2017/4/2, 38, , 30, 13
2017/4/3, 48, , 31, 9
2017/4/4, 45, , 28, 6
2017/4/5, 20, , 26, 14
2017/4/6, 46, , 25, 18
2017/4/7, 57, , 36, 19
2017/4/8, 85, , 40, 12
2017/4/9, 82, , 29, 6
2017/4/10, 27, , 29, 9
2017/4/11, 29, , 30, 6
2017/4/12, 28, , 25, 13
2017/4/13, 25, , 23, 6
2017/4/14, 29, , 32, 4
2017/4/15, 19, , 28, 5
2017/4/16, 22, , 27, 6
2017/4/17, 42, , 33, 7
2017/4/18, 34, , 34, 8
2017/4/19, 42, , 24, 13
2017/4/20, 52, , 22, 11
2017/4/21, 42, , 32, 5
2017/4/22, 35, , 31, 8
2017/4/23, 37, , 31, 10
2017/4/24, 28, , 27, 6
2017/4/25, 19, , 26, 6
2017/4/26, 27, , 26, 14
2017/4/27, 36, , 26, 9
2017/4/28, 38, , 31, 7
2017/4/29, 38, , 34, 7
2017/4/30, 69, , 33, 5
2017/5/1, 36, , 30, 7
2017/5/2, 52, , 34, 4
2017/5/3, 59, , 37, 3
2017/5/4, 53, , 37, 4
2017/5/5, 42, , 33, 4
2017/5/6, 49, , 35, 3
2017/5/7, 57, , 31, 4
2017/5/8, 50, , 33, 5
2017/5/9, 49, , 34, 13
2017/5/10, 57, , 40, 10
2017/5/11, 79, , 30, 8
2017/5/12, 63, , 31, 5
2017/5/13, 44, , 30, 3
2017/5/14, 32, , 18, 8
2017/5/15, 30, , 16, 5
2017/5/16, 30, , 15, 16
2017/5/17, 33, , 25, 10
2017/5/18, 37, , 22, 14
2017/5/19, 43, , 24, 7
2017/5/20, 30, , 32, 5
2017/5/21, 31, , 35, 7
2017/5/22, 49, , 24, 6
2017/5/23, 32, , 34, 11
2017/5/24, 47, , 43, 9
2017/5/25, 64, , 42, 6
2017/5/26, 48, , 30, 5
2017/5/27, 51, , 34, 3
2017/5/28, 38, , 24, 5
2017/5/29, 47, , 23, 4
2017/5/30, 36, , 23, 7
2017/5/31, 36, , 28, 8
2017/6/1, 44, , 18, 7
2017/6/2, 44, , 25, 4
2017/6/3, 33, , 24, 3
2017/6/4, 25, , 24, 6
2017/6/5, 26, , 24, 3
2017/6/6, 21, , 24, 3
2017/6/7, 27, , 20, 5
2017/6/8, 27, , 26, 3
2017/6/9, 33, , 19, 4
2017/6/10, 32, , 25, 1
2017/6/11, 33, , 23, 3
2017/6/12, 30, , 20, 7
2017/6/13, 39, , 36, 9
2017/6/14, 47, , 24, 6
2017/6/15, 47, , 21, 4
2017/6/16, 40, , 31, 4
2017/6/17, 50, , 35, 8
2017/6/18, 50, , 51, 12
2017/6/19, 66, , 33, 6
2017/6/20, 77, , 60, 6
2017/6/21, 65, , 37, 4
2017/6/22, 55, , 21, 3
2017/6/23, 33, , 20, 1
2017/6/24, 25, , 19, 2
2017/6/25, 29, , 27, 7
2017/6/26, 35, , 24, 6
2017/6/27, 44, , 20, 5
2017/6/28, 30, , 17, 9
2017/6/29, 32, , 17, 8
2017/6/30, 42, , 24, 4
2017/1/2, 30, , 21, 12
2017/1/3, 24, , 23, 14
2017/1/4, 28, , 9, 35
2017/1/5, 69, , 9, 22
2017/1/6, 65, , 8, 19
2017/1/7, 61, , 12, 14
2017/1/8, 58, , 20, 11
2017/1/9, 30, , 21, 10
2017/1/10, 26, , 29, 6
2017/1/11, 31, , 27, 10
2017/1/12, 20, , 26, 10
2017/1/13, 21, , 24, 12
2017/1/14, 21, , 21, 9
2017/1/15, 25, , 17, 16
2017/1/16, 30, , 12, 16
2017/1/17, 63, , 5, 17
2017/1/18, 91, , 2, 19
2017/1/19, 85, , 6, 21
2017/1/20, 69, , 10, 17
2017/1/21, 64, , 5, 24
2017/1/22, 126, , 4, 22
2017/1/23, 137, , 6, 26
2017/1/24, 99, , 13, 21
2017/1/25, 69, , 11, 18
2017/1/26, 100, , 10, 23
2017/1/27, 125, , 23, 15
2017/1/28, 48, , 20, 15
2017/1/29, 39, , 16, 14
2017/1/30, 65, , 15, 14
2017/1/31, 51, , 21, 18
2017/2/1, 26, , 26, 9
2017/2/2, 37, , 28, 9
2017/2/3, 33, , 26, 16
2017/2/4, 31, , 21, 17
2017/2/5, 52, , 19, 19
2017/2/6, 67, , 25, 17
2017/2/7, 40, , 17, 14
2017/2/8, 67, , 19, 10
2017/2/9, 59, , 19, 10
2017/2/10, 78, , 20, 9
2017/2/11, 71, , 25, 8
2017/2/12, 93, , 17, 12
2017/2/13, 143, , 8, 22
2017/2/17, 59, , 20, 12
2017/2/18, 70, , 22, 7
2017/2/19, 45, , 18, 6
2017/2/20, 19, , 22, 8
2017/2/21, 20, , 27, 7
2017/2/22, 15, , 29, 4
2017/2/23, 15, , 23, 20
2017/2/24, 41, , 31, 5
2017/2/25, 19, , 31, 4
2017/2/26, 18, , 28, 11
2017/2/27, 23, , 26, 10
2017/2/28, 23, , 27, 13
2017/3/1, 31, , 33, 9
2017/3/2, 25, , 18, 14
2017/3/3, 40, , 27, 10
2017/3/4, 28, , 29, 5
2017/3/5, 21, , 26, 16
2017/3/6, 33, , 26, 13
2017/3/7, 28, , 25, 14
2017/3/8, 28, , 28, 14
2017/3/9, 39, , 10, 18
2017/3/10, 54, , 19, 11
2017/3/11, 64, , 27, 8
2017/3/12, 53, , 24, 16
2017/3/13, 38, , 23, 12
2017/3/14, 40, , 21, 17
2017/3/15, 49, , 18, 14
2017/3/16, 55, , 28, 9
2017/3/17, 18, , 26, 4
2017/3/18, 13, , 29, 3
2017/3/19, 20, , 28, 8
2017/3/20, 20, , 31, 7
2017/3/21, 16, , 27, 16
2017/3/22, 35, , 30, 11
2017/3/23, 65, , 31, 6
2017/3/24, 53, , 32, 6
2017/3/25, 45, , 31, 5
2017/3/26, 47, , 28, 8
2017/3/27, 72, , 25, 11
2017/3/28, 97, , 28, 8
2017/3/29, 31, , 30, 9
2017/3/30, 33, , 34, 11
2017/3/31, 38, , 33, 7
2016/10/1, 33, , 20, 11
2016/10/2, 37, , 21, 14
2016/10/3, 43, , 19, 10
2016/10/4, 39, , 21, 7
2016/10/5, 28, , 24, 7
2016/10/6, 32, , 17, 8
2016/10/7, 27, , 18, 6
2016/10/8, 38, , 22, 4
2016/10/9, 30, , 25, 10
2016/10/10, 34, , 11, 10
2016/10/11, 35, , 17, 5
2016/10/12, 23, , 11, 7
2016/10/13, 34, , 11, 9
2016/10/14, 59, , 17, 9
2016/10/15, 61, , 20, 7
2016/10/16, 31, , 21, 7
2016/10/17, 22, , 23, 5
2016/10/18, 20, , 21, 9
2016/10/19, 22, , 17, 12
2016/10/20, 32, , 11, 19
2016/10/21, 43, , 16, 10
2016/10/22, 52, , 19, 6
2016/10/23, 31, , 13, 9
2016/10/24, 36, , 6, 18
2016/10/25, 68, , 15, 12
2016/10/26, 54, , 25, 8
2016/10/27, 40, , 23, 8
2016/10/28, 34, , 14, 11
2016/10/29, 41, , 14, 8
2016/10/30, 62, , 3, 18
2016/10/31, 85, , 16, 17
2016/11/1, 65, , 14, 23
2016/11/2, 51, , 11, 16
2016/11/3, 60, , 14, 20
2016/11/4, 63, , 19, 9
2016/11/5, 61, , 19, 6
2016/11/6, 42, , 17, 10
2016/11/7, 32, , 5, 24
2016/11/8, 60, , 10, 19
2016/11/9, 45, , 19, 11
2016/11/10, 25, , 7, 21
2016/11/11, 42, , 15, 13
2016/11/12, 34, , 17, 14
2016/11/13, 45, , 12, 11
2016/11/14, 47, , 14, 9
2016/11/15, 29, , 21, 7
2016/11/16, 26, , 24, 7
2016/11/17, 23, , 22, 8
2016/11/18, 19, , 16, 10
2016/11/19, 31, , 22, 12
2016/11/20, 41, , 20, 11
2016/11/21, 34, , 13, 18
2016/11/22, 41, , 21, 11
2016/11/23, 51, , 29, 4
2016/11/24, 20, , 24, 7
2016/11/25, 26, , 22, 6
2016/11/26, 39, , 20, 8
2016/11/27, 47, , 21, 13
2016/11/28, 43, , 3, 25
2016/11/29, 81, , 2, 23
2016/11/30, 107, , 1, 23
2016/12/1, 94, , 3, 21
2016/12/2, 79, , 18, 13
2016/12/3, 43, , 15, 12
2016/12/4, 48, , 3, 20
2016/12/5, 109, , 2, 17
2016/12/6, 116, , 13, 10
2016/12/7, 69, , 16, 10
2016/12/8, 44, , 18, 8
2016/12/9, 49, , 17, 10
2016/12/10, 39, , 17, 8
2016/12/11, 24, , 13, 14
2016/12/12, 41, , 13, 15
2016/12/13, 43, , 14, 15
2016/12/14, 57, , 8, 16
2016/12/15, 74, , 10, 18
2016/12/16, 83, , 4, 17
2016/12/17, 68, , 12, 11
2016/12/18, 59, , 3, 19
2016/12/19, 63, , 9, 18
2016/12/20, 82, , 16, 12
2016/12/21, 34, , 13, 20
2016/12/22, 40, , 26, 9
2016/12/23, 27, , 29, 3
2016/12/24, 25, , 28, 1
2016/12/25, 13, , 28, 5
2016/12/26, 21, , 10, 20
2016/12/27, 55, , 2, 24
2016/12/28, 85, , 2, 23
2016/12/29, 83, , 7, 17
2016/12/30, 72, , 15, 8
2016/12/31, 59, , 26, 4
2017/1/1, 32, , 22, 15
2016/7/1, 26, , 22, 2
2016/7/2, 30, , 24, 2
2016/7/3, 38, , 18, 8
2016/7/4, 38, , 25, 4
2016/7/5, 29, , 27, 10
2016/7/6, 36, , 17, 7
2016/7/7, 36, , 24, 4
2016/7/8, 37, , 14, 4
2016/7/9, 49, , 23, 2
2016/7/10, 31, , 19, 2
2016/7/11, 26, , 17, 10
2016/7/12, 40, , 13, 10
2016/7/13, 34, , 21, 8
2016/7/14, 34, , 15, 8
2016/7/15, 33, , 14, 3
2016/7/16, 36, , 23, 3
2016/7/17, 40, , 27, 8
2016/7/18, 41, , 52, 10
2016/7/19, 53, , 41, 7
2016/7/20, 58, , 21, 5
2016/7/25, 32, , 21, 4
2016/7/26, 39, , 23, 4
2016/7/27, 29, , 16, 9
2016/7/28, 34, , 14, 6
2016/7/29, 30, , 23, 6
2016/7/30, 33, , 22, 6
2016/7/31, 33, , 18, 8
2016/8/1, 33, , 12, 5
2016/8/2, 29, , 16, 2
2016/8/3, 23, , 18, 7
2016/8/4, 25, , 27, 8
2016/8/5, 24, , 25, 6
2016/8/6, 23, , 25, 2
2016/8/7, 24, , 23, 6
2016/8/8, 25, , 22, 9
2016/8/9, 34, , 20, 7
2016/8/10, 24, , 15, 5
2016/8/11, 20, , 23, 3
2016/8/12, 25, , 20, 3
2016/8/13, 17, , 20, 6
2016/8/14, 20, , 34, 10
2016/8/15, 34, , 29, 10
2016/8/16, 30, , 44, 9
2016/8/17, 50, , 46, 9
2016/8/18, 58, , 27, 9
2016/8/19, 40, , 25, 3
2016/8/20, 21, , 23, 2
2016/8/21, 16, , 16, 4
2016/8/22, 20, , 32, 12
2016/8/23, 32, , 30, 10
2016/8/24, 41, , 18, 9
2016/8/25, 63, , 25, 9
2016/8/26, 31, , 21, 9
2016/8/27, 36, , 25, 4
2016/8/28, 38, , 25, 8
2016/8/29, 37, , 30, 10
2016/8/30, 38, , 20, 10
2016/8/31, 37, , 26, 5
2016/9/1, 31, , 19, 6
2016/9/2, 21, , 14, 5
2016/9/3, 23, , 21, 4
2016/9/4, 17, , 9, 8
2016/9/5, 22, , 14, 7
2016/9/6, 32, , 16, 10
2016/9/7, 42, , 23, 10
2016/9/8, 38, , 19, 5
2016/9/9, 25, , 16, 6
2016/9/10, 20, , 20, 6
2016/9/11, 19, , 16, 9
2016/9/12, 34, , 20, 14
2016/9/13, 53, , 33, 11
2016/9/14, 109, , 16, 15
2016/9/15, 113, , 18, 6
2016/9/16, 39, , 11, 6
2016/9/17, 26, , 15, 11
2016/9/18, 49, , 8, 12
2016/9/19, 35, , 17, 11
2016/9/20, 40, , 19, 12
2016/9/21, 59, , 24, 8
2016/9/22, 32, , 20, 11
2016/9/23, 30, , 27, 7
2016/9/24, 33, , 25, 3
2016/9/25, 29, , 13, 12
2016/9/26, 26, , 14, 8
2016/9/27, 29, , 13, 5
2016/9/28, 29, , 19, 3
2016/9/29, 22, , 16, 11
2016/9/30, 34, , 15, 12
2016/4/20, 46, , 30, 6
2016/4/21, 54, , 29, 4
2016/4/22, 46, , 30, 5
2016/4/23, 34, , 29, 5
2016/4/24, 33, , 25, 9
2016/4/25, 30, , 29, 9
2016/4/26, 24, , 26, 13
2016/4/27, 42, , 30, 11
2016/4/28, 36, , 29, 4
2016/4/29, 19, , 30, 8
2016/4/30, 26, , 29, 9
2016/5/1, 41, , 27, 4
2016/5/2, 31, , 32, 8
2016/5/3, 29, , 34, 13
2016/5/4, 45, , 44, 13
2016/5/5, 55, , 44, 14
2016/5/6, 69, , 32, 10
2016/5/7, 110, , 55, 9
2016/5/8, 63, , 51, 8
2016/5/9, 67, , 31, 8
2016/5/10, 73, , 27, 8
2016/5/11, 96, , 45, 5
2016/5/12, 92, , 33, 4
2016/5/13, 64, , 37, 5
2016/5/14, 42, , 36, 7
2016/5/15, 50, , 36, 8
2016/5/16, 46, , 34, 9
2016/5/17, 47, , 27, 8
2016/5/18, 39, , 25, 7
2016/5/19, 44, , 27, 4
2016/5/20, 39, , 22, 5
2016/5/21, 28, , 26, 4
2016/5/22, 36, , 28, 7
2016/5/23, 38, , 27, 5
2016/5/24, 39, , 26, 6
2016/5/25, 36, , 19, 10
2016/5/26, 47, , 35, 10
2016/5/27, 62, , 37, 5
2016/5/28, 63, , 33, 4
2016/5/29, 64, , 30, 3
2016/5/30, 53, , 26, 4
2016/5/31, 38, , 25, 5
2016/6/1, 46, , 31, 4
2016/6/2, 45, , 23, 8
2016/6/3, 60, , 32, 9
2016/6/4, 86, , 32, 4
2016/6/5, 71, , 34, 6
2016/6/6, 49, , 47, 9
2016/6/7, 55, , 34, 12
2016/6/8, 79, , 34, 6
2016/6/9, 55, , 37, 10
2016/6/10, 72, , 36, 8
2016/6/11, 64, , 17, 6
2016/6/12, 44, , 17, 6
2016/6/13, 35, , 19, 6
2016/6/14, 33, , 17, 8
2016/6/15, 30, , 20, 10
2016/6/16, 55, , 25, 6
2016/6/17, 48, , 25, 5
2016/6/18, 38, , 22, 5
2016/6/19, 43, , 18, 4
2016/6/20, 24, , 22, 7
2016/6/21, 42, , 16, 8
2016/6/22, 35, , 18, 10
2016/6/23, 46, , 21, 5
2016/6/24, 39, , 24, 4
2016/6/25, 35, , 23, 3
2016/6/26, 34, , 24, 5
2016/6/27, 34, , 19, 8
2016/6/28, 41, , 17, 6
2016/6/29, 34, , 25, 4
2016/6/30, 38, , 25, 3
2025/5/24, , 7, 29, 
2024/12/31, , 6, 31, 2
2024/4/9, , 2, 24, 5
2024/6/16, , 7, 27, 2
2023/1/22, , 21, 5, 11
2023/2/15, , 9, 21, 4
2022/10/22, , 9, 20, 5
2022/5/8, , 14, 32, 3
2021/10/24, , 8, 24, 6
2021/4/15, , 15, 31, 12
2021/6/19, , 9, 23, 1
2020/8/26, , 9, 11, 10
2019/12/31, , 27, 10, 10
2019/8/31, , 7, 25, 5
2019/6/2, , 7, 27, 4
2019/6/9, , 6, 25, 5
2024/4/5, , , 42, 2
2024/4/6, , , 39, 1
2024/4/7, , , 32, 4
2024/4/8, , , 33, 2
2024/6/15, , , 30, 1
2021/10/23, , , 26, 4
2021/4/14, , , 33, 8
2019/5/1, , , 26, 10
2018/12/31, , , 25, 6
2019/1/17, , , 19, 19
2018/10/19, , , 14, 12
2018/10/20, , , 22, 6
2018/10/21, , , 21, 13
2018/12/1, , , 23, 3
2018/12/2, , , 25, 18
2018/12/3, , , 13, 26
2018/7/24, , , 35, 7
2018/7/25, , , 48, 7
2017/12/31, , , 28, 4
2018/2/7, , , 24, 13
2018/2/8, , , 25, 9
2017/11/22, , , 21, 9
2017/8/31, , , 23, 10
2017/9/1, , , 23, 11
2017/9/2, , , 25, 6
2017/9/3, , , 17, 6
2017/9/10, , , 22, 4
2017/2/14, , , 15, 16
2017/2/15, , , 22, 12
2017/2/16, , , 21, 16
2016/7/21, , , 26, 7
2016/7/22, , , 31, 6
2016/7/23, , , 19, 5
2016/7/24, , , 17, 3
2016/4/19, , , 29, 9